Index,PC,Target,State Machine,Prediction,Busy
   0, 00423000, 00425E40, 00,Taken, true
   1, 00000000, 00000000, 00,Taken, false
   2, 00000000, 00000000, 00,Taken, false
   3, 00000000, 00000000, 00,Taken, false
   4, 00000000, 00000000, 00,Taken, false
   5, 00000000, 00000000, 00,Taken, false
   6, 00000000, 00000000, 00,Taken, false
   7, 0042E01C, 0042E028, 00,Taken, true
   8, 00423020, 004230A8, 00,Taken, true
   9, 00000000, 00000000, 00,Taken, false
  10, 00000000, 00000000, 00,Taken, false
  11, 0042E02C, 0042B30C, 00,Taken, true
  12, 00000000, 00000000, 00,Taken, false
  13, 00000000, 00000000, 00,Taken, false
  14, 00423038, 00425E40, 00,Taken, true
  15, 00000000, 00000000, 00,Taken, false
  16, 00000000, 00000000, 00,Taken, false
  17, 00000000, 00000000, 00,Taken, false
  18, 00000000, 00000000, 00,Taken, false
  19, 00000000, 00000000, 00,Taken, false
  20, 00000000, 00000000, 00,Taken, false
  21, 00000000, 00000000, 00,Taken, false
  22, 00000000, 00000000, 00,Taken, false
  23, 0042305C, 004230A8, 00,Taken, true
  24, 00000000, 00000000, 00,Taken, false
  25, 00000000, 00000000, 00,Taken, false
  26, 00000000, 00000000, 00,Taken, false
  27, 00000000, 00000000, 00,Taken, false
  28, 00000000, 00000000, 00,Taken, false
  29, 00000000, 00000000, 00,Taken, false
  30, 00423078, 00423088, 00,Taken, true
  31, 00000000, 00000000, 00,Taken, false
  32, 00000000, 00000000, 00,Taken, false
  33, 00000000, 00000000, 00,Taken, false
  34, 00000000, 00000000, 00,Taken, false
  35, 00000000, 00000000, 00,Taken, false
  36, 00000000, 00000000, 00,Taken, false
  37, 00000000, 00000000, 00,Taken, false
  38, 00000000, 00000000, 00,Taken, false
  39, 00000000, 00000000, 00,Taken, false
  40, 00000000, 00000000, 00,Taken, false
  41, 004230A4, 00420358, 00,Taken, true
  42, 00000000, 00000000, 00,Taken, false
  43, 00000000, 00000000, 00,Taken, false
  44, 00000000, 00000000, 00,Taken, false
  45, 00000000, 00000000, 00,Taken, false
  46, 00000000, 00000000, 00,Taken, false
  47, 00000000, 00000000, 00,Taken, false
  48, 004230C0, 0042B900, 00,Taken, true
  49, 00000000, 00000000, 00,Taken, false
  50, 00000000, 00000000, 00,Taken, false
  51, 00000000, 00000000, 00,Taken, false
  52, 00000000, 00000000, 00,Taken, false
  53, 00000000, 00000000, 00,Taken, false
  54, 00000000, 00000000, 00,Taken, false
  55, 00000000, 00000000, 00,Taken, false
  56, 00000000, 00000000, 00,Taken, false
  57, 004230E4, 0042BC70, 00,Taken, true
  58, 00000000, 00000000, 00,Taken, false
  59, 00000000, 00000000, 00,Taken, false
  60, 00000000, 00000000, 00,Taken, false
  61, 004230F4, 004230FC, 00,Taken, true
  62, 00000000, 00000000, 00,Taken, false
  63, 00000000, 00000000, 00,Taken, false
  64, 00000000, 00000000, 00,Taken, false
  65, 00000000, 00000000, 00,Taken, false
  66, 00423108, 00423060, 00,Taken, true
  67, 00000000, 00000000, 00,Taken, false
  68, 00000000, 00000000, 00,Taken, false
  69, 00000000, 00000000, 00,Taken, false
  70, 00000000, 00000000, 00,Taken, false
  71, 00000000, 00000000, 00,Taken, false
  72, 00000000, 00000000, 00,Taken, false
  73, 00000000, 00000000, 00,Taken, false
  74, 00000000, 00000000, 00,Taken, false
  75, 00000000, 00000000, 00,Taken, false
  76, 00000000, 00000000, 00,Taken, false
  77, 00000000, 00000000, 00,Taken, false
  78, 00000000, 00000000, 00,Taken, false
  79, 00000000, 00000000, 00,Taken, false
  80, 00000000, 00000000, 00,Taken, false
  81, 00000000, 00000000, 00,Taken, false
  82, 00000000, 00000000, 00,Taken, false
  83, 00000000, 00000000, 00,Taken, false
  84, 00000000, 00000000, 00,Taken, false
  85, 00000000, 00000000, 00,Taken, false
  86, 00000000, 00000000, 00,Taken, false
  87, 00000000, 00000000, 00,Taken, false
  88, 00000000, 00000000, 00,Taken, false
  89, 00000000, 00000000, 00,Taken, false
  90, 00000000, 00000000, 00,Taken, false
  91, 00000000, 00000000, 00,Taken, false
  92, 00000000, 00000000, 00,Taken, false
  93, 00000000, 00000000, 00,Taken, false
  94, 00000000, 00000000, 00,Taken, false
  95, 00000000, 00000000, 00,Taken, false
  96, 00000000, 00000000, 00,Taken, false
  97, 00000000, 00000000, 00,Taken, false
  98, 00000000, 00000000, 00,Taken, false
  99, 00000000, 00000000, 00,Taken, false
 100, 00000000, 00000000, 00,Taken, false
 101, 00000000, 00000000, 00,Taken, false
 102, 00000000, 00000000, 00,Taken, false
 103, 00000000, 00000000, 00,Taken, false
 104, 00000000, 00000000, 00,Taken, false
 105, 00000000, 00000000, 00,Taken, false
 106, 00000000, 00000000, 00,Taken, false
 107, 00000000, 00000000, 00,Taken, false
 108, 00000000, 00000000, 00,Taken, false
 109, 00000000, 00000000, 00,Taken, false
 110, 0042E1B8, 0042BC88, 00,Taken, true
 111, 00000000, 00000000, 00,Taken, false
 112, 00000000, 00000000, 00,Taken, false
 113, 004001C4, 004202B0, 00,Taken, true
 114, 00000000, 00000000, 00,Taken, false
 115, 00000000, 00000000, 00,Taken, false
 116, 00000000, 00000000, 00,Taken, false
 117, 00000000, 00000000, 00,Taken, false
 118, 00000000, 00000000, 00,Taken, false
 119, 0042C1DC, 0042C1F8, 00,Taken, true
 120, 00000000, 00000000, 00,Taken, false
 121, 00000000, 00000000, 00,Taken, false
 122, 00000000, 00000000, 00,Taken, false
 123, 00000000, 00000000, 00,Taken, false
 124, 00000000, 00000000, 00,Taken, false
 125, 00000000, 00000000, 00,Taken, false
 126, 00000000, 00000000, 00,Taken, false
 127, 00000000, 00000000, 00,Taken, false
 128, 00400200, 00400DB0, 00,Taken, true
 129, 00000000, 00000000, 00,Taken, false
 130, 00000000, 00000000, 00,Taken, false
 131, 00000000, 00000000, 00,Taken, false
 132, 00000000, 00000000, 00,Taken, false
 133, 00400214, 00400410, 00,Taken, true
 134, 00000000, 00000000, 00,Taken, false
 135, 00000000, 00000000, 00,Taken, false
 136, 00000000, 00000000, 00,Taken, false
 137, 00000000, 00000000, 00,Taken, false
 138, 00000000, 00000000, 00,Taken, false
 139, 00000000, 00000000, 00,Taken, false
 140, 00000000, 00000000, 00,Taken, false
 141, 00000000, 00000000, 00,Taken, false
 142, 00000000, 00000000, 00,Taken, false
 143, 00000000, 00000000, 00,Taken, false
 144, 00000000, 00000000, 00,Taken, false
 145, 00000000, 00000000, 00,Taken, false
 146, 00000000, 00000000, 00,Taken, false
 147, 0042C24C, 0042C238, 01,Taken, true
 148, 00000000, 00000000, 00,Taken, false
 149, 00000000, 00000000, 00,Taken, false
 150, 00000000, 00000000, 00,Taken, false
 151, 00000000, 00000000, 00,Taken, false
 152, 00000000, 00000000, 00,Taken, false
 153, 0042C264, 0042C274, 00,Taken, true
 154, 00000000, 00000000, 00,Taken, false
 155, 00000000, 00000000, 00,Taken, false
 156, 00000000, 00000000, 00,Taken, false
 157, 00000000, 00000000, 00,Taken, false
 158, 0042C278, 00425FB8, 00,Taken, true
 159, 00000000, 00000000, 00,Taken, false
 160, 00000000, 00000000, 00,Taken, false
 161, 00000000, 00000000, 00,Taken, false
 162, 00000000, 00000000, 00,Taken, false
 163, 00000000, 00000000, 00,Taken, false
 164, 00000000, 00000000, 00,Taken, false
 165, 00000000, 00000000, 00,Taken, false
 166, 00000000, 00000000, 00,Taken, false
 167, 00000000, 00000000, 00,Taken, false
 168, 00000000, 00000000, 00,Taken, false
 169, 00000000, 00000000, 00,Taken, false
 170, 00000000, 00000000, 00,Taken, false
 171, 00000000, 00000000, 00,Taken, false
 172, 00000000, 00000000, 00,Taken, false
 173, 00000000, 00000000, 00,Taken, false
 174, 00000000, 00000000, 00,Taken, false
 175, 00000000, 00000000, 00,Taken, false
 176, 00000000, 00000000, 00,Taken, false
 177, 00000000, 00000000, 00,Taken, false
 178, 00000000, 00000000, 00,Taken, false
 179, 00000000, 00000000, 00,Taken, false
 180, 00000000, 00000000, 00,Taken, false
 181, 00000000, 00000000, 00,Taken, false
 182, 00000000, 00000000, 00,Taken, false
 183, 004202DC, 0042AC30, 00,Taken, true
 184, 00000000, 00000000, 00,Taken, false
 185, 00000000, 00000000, 00,Taken, false
 186, 00000000, 00000000, 00,Taken, false
 187, 004202EC, 0042AC30, 00,Taken, true
 188, 00000000, 00000000, 00,Taken, false
 189, 00000000, 00000000, 00,Taken, false
 190, 00000000, 00000000, 00,Taken, false
 191, 004202FC, 0042AC30, 00,Taken, true
 192, 00000000, 00000000, 00,Taken, false
 193, 00420304, 00420318, 00,Taken, true
 194, 0042B308, 0042E010, 00,Taken, true
 195, 00000000, 00000000, 00,Taken, false
 196, 00000000, 00000000, 00,Taken, false
 197, 00000000, 00000000, 00,Taken, false
 198, 00000000, 00000000, 00,Taken, false
 199, 00000000, 00000000, 00,Taken, false
 200, 00000000, 00000000, 00,Taken, false
 201, 0042B324, 0042DFE0, 00,Taken, true
 202, 00000000, 00000000, 00,Taken, false
 203, 00000000, 00000000, 00,Taken, false
 204, 00420330, 00420340, 00,Taken, true
 205, 00000000, 00000000, 00,Taken, false
 206, 00000000, 00000000, 00,Taken, false
 207, 00000000, 00000000, 00,Taken, false
 208, 00000000, 00000000, 00,Taken, false
 209, 0042E344, 0042E1B0, 00,Taken, true
 210, 00000000, 00000000, 00,Taken, false
 211, 0042034C, 0042AC30, 00,Taken, true
 212, 00000000, 00000000, 00,Taken, false
 213, 0042B354, 0042DFE0, 00,Taken, true
 214, 00000000, 00000000, 00,Taken, false
 215, 0042035C, 00400204, 00,Taken, true
 216, 00000000, 00000000, 00,Taken, false
 217, 0042B364, 0042B370, 00,Taken, true
 218, 00000000, 00000000, 00,Taken, false
 219, 00000000, 00000000, 00,Taken, false
 220, 00000000, 00000000, 00,Taken, false
 221, 00000000, 00000000, 00,Taken, false
 222, 00000000, 00000000, 00,Taken, false
 223, 00000000, 00000000, 00,Taken, false
 224, 00000000, 00000000, 00,Taken, false
 225, 00000000, 00000000, 00,Taken, false
 226, 00000000, 00000000, 00,Taken, false
 227, 00000000, 00000000, 00,Taken, false
 228, 00000000, 00000000, 00,Taken, false
 229, 0042B394, 0042B388, 01,Taken, true
 230, 00000000, 00000000, 00,Taken, false
 231, 00000000, 00000000, 00,Taken, false
 232, 00000000, 00000000, 00,Taken, false
 233, 00000000, 00000000, 00,Taken, false
 234, 00000000, 00000000, 00,Taken, false
 235, 00000000, 00000000, 00,Taken, false
 236, 00000000, 00000000, 00,Taken, false
 237, 00000000, 00000000, 00,Taken, false
 238, 00000000, 00000000, 00,Taken, false
 239, 0042B3BC, 0042B3CC, 00,Taken, true
 240, 00000000, 00000000, 00,Taken, false
 241, 00000000, 00000000, 00,Taken, false
 242, 00000000, 00000000, 00,Taken, false
 243, 00000000, 00000000, 00,Taken, false
 244, 00000000, 00000000, 00,Taken, false
 245, 00000000, 00000000, 00,Taken, false
 246, 00000000, 00000000, 00,Taken, false
 247, 00000000, 00000000, 00,Taken, false
 248, 00000000, 00000000, 00,Taken, false
 249, 0042B3E4, 0042B3F4, 00,Taken, true
 250, 00000000, 00000000, 00,Taken, false
 251, 00000000, 00000000, 00,Taken, false
 252, 00000000, 00000000, 00,Taken, false
 253, 00000000, 00000000, 00,Taken, false
 254, 00000000, 00000000, 00,Taken, false
 255, 0042B3FC, 0042B3DC, 01,Taken, true
 256, 00000000, 00000000, 00,Taken, false
 257, 00000000, 00000000, 00,Taken, false
 258, 00000000, 00000000, 00,Taken, false
 259, 00000000, 00000000, 00,Taken, false
 260, 00000000, 00000000, 00,Taken, false
 261, 00000000, 00000000, 00,Taken, false
 262, 00000000, 00000000, 00,Taken, false
 263, 0040041C, 00400200, 00,Taken, true
 264, 00000000, 00000000, 00,Taken, false
 265, 00000000, 00000000, 00,Taken, false
 266, 0042B428, 0042B474, 00,Taken, true
 267, 00000000, 00000000, 00,Taken, false
 268, 00000000, 00000000, 00,Taken, false
 269, 00000000, 00000000, 00,Taken, false
 270, 00000000, 00000000, 00,Taken, false
 271, 00000000, 00000000, 00,Taken, false
 272, 0042B440, 0042B44C, 00,Taken, true
 273, 00000000, 00000000, 00,Taken, false
 274, 00000000, 00000000, 00,Taken, false
 275, 00000000, 00000000, 00,Taken, false
 276, 00400450, 0040041C, 01,Taken, true
 277, 00000000, 00000000, 00,Taken, false
 278, 00000000, 00000000, 00,Taken, false
 279, 0040045C, 00400200, 00,Taken, true
 280, 00000000, 00000000, 00,Taken, false
 281, 00000000, 00000000, 00,Taken, false
 282, 00000000, 00000000, 00,Taken, false
 283, 00000000, 00000000, 00,Taken, false
 284, 0042B470, 00425ED4, 00,Taken, true
 285, 00000000, 00000000, 00,Taken, false
 286, 00000000, 00000000, 00,Taken, false
 287, 00000000, 00000000, 00,Taken, false
 288, 00000000, 00000000, 00,Taken, false
 289, 00000000, 00000000, 00,Taken, false
 290, 00000000, 00000000, 00,Taken, false
 291, 00000000, 00000000, 00,Taken, false
 292, 00400490, 0040045C, 01,Taken, true
 293, 00000000, 00000000, 00,Taken, false
 294, 00000000, 00000000, 00,Taken, false
 295, 0040049C, 00400200, 00,Taken, true
 296, 0042B4A0, 0042B4E0, 00,Taken, true
 297, 00000000, 00000000, 00,Taken, false
 298, 00000000, 00000000, 00,Taken, false
 299, 00000000, 00000000, 00,Taken, false
 300, 00000000, 00000000, 00,Taken, false
 301, 00000000, 00000000, 00,Taken, false
 302, 00000000, 00000000, 00,Taken, false
 303, 00000000, 00000000, 00,Taken, false
 304, 00000000, 00000000, 00,Taken, false
 305, 00000000, 00000000, 00,Taken, false
 306, 00000000, 00000000, 00,Taken, false
 307, 00000000, 00000000, 00,Taken, false
 308, 004004D0, 0040049C, 01,Taken, true
 309, 004004D4, 00400200, 00,Taken, true
 310, 00000000, 00000000, 00,Taken, false
 311, 00000000, 00000000, 00,Taken, false
 312, 00000000, 00000000, 00,Taken, false
 313, 00000000, 00000000, 00,Taken, false
 314, 00000000, 00000000, 00,Taken, false
 315, 00000000, 00000000, 00,Taken, false
 316, 004004F0, 00400200, 00,Taken, true
 317, 00000000, 00000000, 00,Taken, false
 318, 00000000, 00000000, 00,Taken, false
 319, 00000000, 00000000, 00,Taken, false
 320, 00000000, 00000000, 00,Taken, false
 321, 00000000, 00000000, 00,Taken, false
 322, 00000000, 00000000, 00,Taken, false
 323, 0040050C, 00400200, 00,Taken, true
 324, 00000000, 00000000, 00,Taken, false
 325, 00000000, 00000000, 00,Taken, false
 326, 00000000, 00000000, 00,Taken, false
 327, 00000000, 00000000, 00,Taken, false
 328, 0042B520, 0042B538, 00,Taken, true
 329, 00000000, 00000000, 00,Taken, false
 330, 00000000, 00000000, 00,Taken, false
 331, 00000000, 00000000, 00,Taken, false
 332, 00000000, 00000000, 00,Taken, false
 333, 00000000, 00000000, 00,Taken, false
 334, 00000000, 00000000, 00,Taken, false
 335, 00000000, 00000000, 00,Taken, false
 336, 00400540, 0040050C, 01,Taken, true
 337, 0042B544, 0042B42C, 00,Taken, true
 338, 00000000, 00000000, 00,Taken, false
 339, 0040054C, 00400200, 00,Taken, true
 340, 00000000, 00000000, 00,Taken, false
 341, 00000000, 00000000, 00,Taken, false
 342, 00000000, 00000000, 00,Taken, false
 343, 00000000, 00000000, 00,Taken, false
 344, 00000000, 00000000, 00,Taken, false
 345, 00000000, 00000000, 00,Taken, false
 346, 00000000, 00000000, 00,Taken, false
 347, 00000000, 00000000, 00,Taken, false
 348, 00000000, 00000000, 00,Taken, false
 349, 00000000, 00000000, 00,Taken, false
 350, 00000000, 00000000, 00,Taken, false
 351, 00000000, 00000000, 00,Taken, false
 352, 00400580, 0040054C, 01,Taken, true
 353, 00000000, 00000000, 00,Taken, false
 354, 00000000, 00000000, 00,Taken, false
 355, 0040058C, 00400200, 00,Taken, true
 356, 00000000, 00000000, 00,Taken, false
 357, 00000000, 00000000, 00,Taken, false
 358, 00000000, 00000000, 00,Taken, false
 359, 00000000, 00000000, 00,Taken, false
 360, 00000000, 00000000, 00,Taken, false
 361, 00000000, 00000000, 00,Taken, false
 362, 00000000, 00000000, 00,Taken, false
 363, 00000000, 00000000, 00,Taken, false
 364, 00000000, 00000000, 00,Taken, false
 365, 00000000, 00000000, 00,Taken, false
 366, 00000000, 00000000, 00,Taken, false
 367, 00000000, 00000000, 00,Taken, false
 368, 004005C0, 0040058C, 01,Taken, true
 369, 00000000, 00000000, 00,Taken, false
 370, 00000000, 00000000, 00,Taken, false
 371, 004005CC, 00400200, 00,Taken, true
 372, 00000000, 00000000, 00,Taken, false
 373, 00000000, 00000000, 00,Taken, false
 374, 00000000, 00000000, 00,Taken, false
 375, 00000000, 00000000, 00,Taken, false
 376, 00000000, 00000000, 00,Taken, false
 377, 00000000, 00000000, 00,Taken, false
 378, 00000000, 00000000, 00,Taken, false
 379, 00000000, 00000000, 00,Taken, false
 380, 00000000, 00000000, 00,Taken, false
 381, 00000000, 00000000, 00,Taken, false
 382, 00000000, 00000000, 00,Taken, false
 383, 00000000, 00000000, 00,Taken, false
 384, 00400600, 004005CC, 01,Taken, true
 385, 00400604, 00400200, 00,Taken, true
 386, 00000000, 00000000, 00,Taken, false
 387, 00000000, 00000000, 00,Taken, false
 388, 00000000, 00000000, 00,Taken, false
 389, 00000000, 00000000, 00,Taken, false
 390, 00000000, 00000000, 00,Taken, false
 391, 00000000, 00000000, 00,Taken, false
 392, 00000000, 00000000, 00,Taken, false
 393, 00400624, 00400200, 00,Taken, true
 394, 00000000, 00000000, 00,Taken, false
 395, 00000000, 00000000, 00,Taken, false
 396, 00000000, 00000000, 00,Taken, false
 397, 00000000, 00000000, 00,Taken, false
 398, 00000000, 00000000, 00,Taken, false
 399, 00000000, 00000000, 00,Taken, false
 400, 00000000, 00000000, 00,Taken, false
 401, 00000000, 00000000, 00,Taken, false
 402, 00000000, 00000000, 00,Taken, false
 403, 00000000, 00000000, 00,Taken, false
 404, 00000000, 00000000, 00,Taken, false
 405, 00000000, 00000000, 00,Taken, false
 406, 00400658, 00400624, 01,Taken, true
 407, 00000000, 00000000, 00,Taken, false
 408, 00000000, 00000000, 00,Taken, false
 409, 00400664, 00400200, 00,Taken, true
 410, 00000000, 00000000, 00,Taken, false
 411, 00000000, 00000000, 00,Taken, false
 412, 00000000, 00000000, 00,Taken, false
 413, 00000000, 00000000, 00,Taken, false
 414, 00000000, 00000000, 00,Taken, false
 415, 00000000, 00000000, 00,Taken, false
 416, 00000000, 00000000, 00,Taken, false
 417, 00000000, 00000000, 00,Taken, false
 418, 00000000, 00000000, 00,Taken, false
 419, 00000000, 00000000, 00,Taken, false
 420, 00000000, 00000000, 00,Taken, false
 421, 00000000, 00000000, 00,Taken, false
 422, 00400698, 00400664, 01,Taken, true
 423, 0040069C, 00400200, 00,Taken, true
 424, 00000000, 00000000, 00,Taken, false
 425, 00000000, 00000000, 00,Taken, false
 426, 00000000, 00000000, 00,Taken, false
 427, 00000000, 00000000, 00,Taken, false
 428, 00000000, 00000000, 00,Taken, false
 429, 00000000, 00000000, 00,Taken, false
 430, 004006B8, 00400200, 00,Taken, true
 431, 00000000, 00000000, 00,Taken, false
 432, 00000000, 00000000, 00,Taken, false
 433, 004006C4, 00400200, 00,Taken, true
 434, 00000000, 00000000, 00,Taken, false
 435, 00000000, 00000000, 00,Taken, false
 436, 004006D0, 00400200, 00,Taken, true
 437, 00000000, 00000000, 00,Taken, false
 438, 00000000, 00000000, 00,Taken, false
 439, 004006DC, 00400200, 00,Taken, true
 440, 00000000, 00000000, 00,Taken, false
 441, 00000000, 00000000, 00,Taken, false
 442, 00000000, 00000000, 00,Taken, false
 443, 004006EC, 00400200, 00,Taken, true
 444, 00000000, 00000000, 00,Taken, false
 445, 00000000, 00000000, 00,Taken, false
 446, 00000000, 00000000, 00,Taken, false
 447, 00000000, 00000000, 00,Taken, false
 448, 00000000, 00000000, 00,Taken, false
 449, 00000000, 00000000, 00,Taken, false
 450, 00000000, 00000000, 00,Taken, false
 451, 00000000, 00000000, 00,Taken, false
 452, 00000000, 00000000, 00,Taken, false
 453, 00000000, 00000000, 00,Taken, false
 454, 00000000, 00000000, 00,Taken, false
 455, 00000000, 00000000, 00,Taken, false
 456, 00400720, 004006EC, 01,Taken, true
 457, 00000000, 00000000, 00,Taken, false
 458, 00000000, 00000000, 00,Taken, false
 459, 0040072C, 00400200, 00,Taken, true
 460, 00000000, 00000000, 00,Taken, false
 461, 00000000, 00000000, 00,Taken, false
 462, 00000000, 00000000, 00,Taken, false
 463, 00000000, 00000000, 00,Taken, false
 464, 00000000, 00000000, 00,Taken, false
 465, 00000000, 00000000, 00,Taken, false
 466, 00000000, 00000000, 00,Taken, false
 467, 00000000, 00000000, 00,Taken, false
 468, 00000000, 00000000, 00,Taken, false
 469, 00000000, 00000000, 00,Taken, false
 470, 00000000, 00000000, 00,Taken, false
 471, 00000000, 00000000, 00,Taken, false
 472, 00400760, 0040072C, 01,Taken, true
 473, 00400764, 00400200, 00,Taken, true
 474, 00000000, 00000000, 00,Taken, false
 475, 00000000, 00000000, 00,Taken, false
 476, 00000000, 00000000, 00,Taken, false
 477, 00000000, 00000000, 00,Taken, false
 478, 00000000, 00000000, 00,Taken, false
 479, 00000000, 00000000, 00,Taken, false
 480, 00400780, 00400200, 00,Taken, true
 481, 00000000, 00000000, 00,Taken, false
 482, 00000000, 00000000, 00,Taken, false
 483, 00000000, 00000000, 00,Taken, false
 484, 00000000, 00000000, 00,Taken, false
 485, 00000000, 00000000, 00,Taken, false
 486, 00000000, 00000000, 00,Taken, false
 487, 0040079C, 00400200, 00,Taken, true
 488, 00000000, 00000000, 00,Taken, false
 489, 00000000, 00000000, 00,Taken, false
 490, 00000000, 00000000, 00,Taken, false
 491, 00000000, 00000000, 00,Taken, false
 492, 00000000, 00000000, 00,Taken, false
 493, 00000000, 00000000, 00,Taken, false
 494, 004007B8, 00400200, 00,Taken, true
 495, 00000000, 00000000, 00,Taken, false
 496, 00000000, 00000000, 00,Taken, false
 497, 00000000, 00000000, 00,Taken, false
 498, 00000000, 00000000, 00,Taken, false
 499, 00000000, 00000000, 00,Taken, false
 500, 00000000, 00000000, 00,Taken, false
 501, 00000000, 00000000, 00,Taken, false
 502, 00000000, 00000000, 00,Taken, false
 503, 00000000, 00000000, 00,Taken, false
 504, 00000000, 00000000, 00,Taken, false
 505, 00000000, 00000000, 00,Taken, false
 506, 00000000, 00000000, 00,Taken, false
 507, 004007EC, 004007B8, 01,Taken, true
 508, 00000000, 00000000, 00,Taken, false
 509, 00000000, 00000000, 00,Taken, false
 510, 004007F8, 00400200, 00,Taken, true
 511, 00000000, 00000000, 00,Taken, false
 512, 00000000, 00000000, 00,Taken, false
 513, 00000000, 00000000, 00,Taken, false
 514, 00000000, 00000000, 00,Taken, false
 515, 00000000, 00000000, 00,Taken, false
 516, 00000000, 00000000, 00,Taken, false
 517, 00000000, 00000000, 00,Taken, false
 518, 00000000, 00000000, 00,Taken, false
 519, 00000000, 00000000, 00,Taken, false
 520, 00000000, 00000000, 00,Taken, false
 521, 00000000, 00000000, 00,Taken, false
 522, 00000000, 00000000, 00,Taken, false
 523, 0040082C, 004007F8, 01,Taken, true
 524, 00000000, 00000000, 00,Taken, false
 525, 00000000, 00000000, 00,Taken, false
 526, 00400838, 00400200, 00,Taken, true
 527, 00000000, 00000000, 00,Taken, false
 528, 00000000, 00000000, 00,Taken, false
 529, 00000000, 00000000, 00,Taken, false
 530, 00000000, 00000000, 00,Taken, false
 531, 00000000, 00000000, 00,Taken, false
 532, 00000000, 00000000, 00,Taken, false
 533, 00000000, 00000000, 00,Taken, false
 534, 00000000, 00000000, 00,Taken, false
 535, 00000000, 00000000, 00,Taken, false
 536, 00000000, 00000000, 00,Taken, false
 537, 00000000, 00000000, 00,Taken, false
 538, 00000000, 00000000, 00,Taken, false
 539, 0040086C, 00400838, 01,Taken, true
 540, 00400870, 00400200, 00,Taken, true
 541, 00000000, 00000000, 00,Taken, false
 542, 00000000, 00000000, 00,Taken, false
 543, 00000000, 00000000, 00,Taken, false
 544, 00000000, 00000000, 00,Taken, false
 545, 00000000, 00000000, 00,Taken, false
 546, 00000000, 00000000, 00,Taken, false
 547, 0040088C, 00400200, 00,Taken, true
 548, 00000000, 00000000, 00,Taken, false
 549, 00000000, 00000000, 00,Taken, false
 550, 00000000, 00000000, 00,Taken, false
 551, 00000000, 00000000, 00,Taken, false
 552, 00000000, 00000000, 00,Taken, false
 553, 00000000, 00000000, 00,Taken, false
 554, 004008A8, 00400200, 00,Taken, true
 555, 00000000, 00000000, 00,Taken, false
 556, 00000000, 00000000, 00,Taken, false
 557, 00000000, 00000000, 00,Taken, false
 558, 00000000, 00000000, 00,Taken, false
 559, 00000000, 00000000, 00,Taken, false
 560, 00000000, 00000000, 00,Taken, false
 561, 004008C4, 00400200, 00,Taken, true
 562, 00000000, 00000000, 00,Taken, false
 563, 00000000, 00000000, 00,Taken, false
 564, 00000000, 00000000, 00,Taken, false
 565, 00000000, 00000000, 00,Taken, false
 566, 00000000, 00000000, 00,Taken, false
 567, 00000000, 00000000, 00,Taken, false
 568, 004008E0, 00400200, 00,Taken, true
 569, 00000000, 00000000, 00,Taken, false
 570, 00000000, 00000000, 00,Taken, false
 571, 00000000, 00000000, 00,Taken, false
 572, 00000000, 00000000, 00,Taken, false
 573, 00000000, 00000000, 00,Taken, false
 574, 00000000, 00000000, 00,Taken, false
 575, 004008FC, 00400200, 00,Taken, true
 576, 00000000, 00000000, 00,Taken, false
 577, 00000000, 00000000, 00,Taken, false
 578, 00000000, 00000000, 00,Taken, false
 579, 0042B90C, 0042B918, 00,Taken, true
 580, 00000000, 00000000, 00,Taken, false
 581, 00000000, 00000000, 00,Taken, false
 582, 00400918, 00400200, 00,Taken, true
 583, 0042B91C, 004230C4, 00,Taken, true
 584, 00000000, 00000000, 00,Taken, false
 585, 00000000, 00000000, 00,Taken, false
 586, 00000000, 00000000, 00,Taken, false
 587, 00000000, 00000000, 00,Taken, false
 588, 00000000, 00000000, 00,Taken, false
 589, 00400934, 00400200, 00,Taken, true
 590, 00000000, 00000000, 00,Taken, false
 591, 00000000, 00000000, 00,Taken, false
 592, 00000000, 00000000, 00,Taken, false
 593, 00000000, 00000000, 00,Taken, false
 594, 00000000, 00000000, 00,Taken, false
 595, 00000000, 00000000, 00,Taken, false
 596, 00400950, 00400200, 00,Taken, true
 597, 00000000, 00000000, 00,Taken, false
 598, 00000000, 00000000, 00,Taken, false
 599, 00000000, 00000000, 00,Taken, false
 600, 00000000, 00000000, 00,Taken, false
 601, 00000000, 00000000, 00,Taken, false
 602, 00000000, 00000000, 00,Taken, false
 603, 0040096C, 00400200, 00,Taken, true
 604, 00000000, 00000000, 00,Taken, false
 605, 00000000, 00000000, 00,Taken, false
 606, 00000000, 00000000, 00,Taken, false
 607, 00000000, 00000000, 00,Taken, false
 608, 00000000, 00000000, 00,Taken, false
 609, 00000000, 00000000, 00,Taken, false
 610, 00400988, 00400200, 00,Taken, true
 611, 00000000, 00000000, 00,Taken, false
 612, 00000000, 00000000, 00,Taken, false
 613, 00000000, 00000000, 00,Taken, false
 614, 00000000, 00000000, 00,Taken, false
 615, 00000000, 00000000, 00,Taken, false
 616, 00000000, 00000000, 00,Taken, false
 617, 004009A4, 00400200, 00,Taken, true
 618, 00000000, 00000000, 00,Taken, false
 619, 00000000, 00000000, 00,Taken, false
 620, 00000000, 00000000, 00,Taken, false
 621, 00000000, 00000000, 00,Taken, false
 622, 00000000, 00000000, 00,Taken, false
 623, 00000000, 00000000, 00,Taken, false
 624, 004009C0, 00400200, 00,Taken, true
 625, 00000000, 00000000, 00,Taken, false
 626, 00000000, 00000000, 00,Taken, false
 627, 00000000, 00000000, 00,Taken, false
 628, 00000000, 00000000, 00,Taken, false
 629, 00000000, 00000000, 00,Taken, false
 630, 00000000, 00000000, 00,Taken, false
 631, 004009DC, 00400200, 00,Taken, true
 632, 00000000, 00000000, 00,Taken, false
 633, 00000000, 00000000, 00,Taken, false
 634, 00000000, 00000000, 00,Taken, false
 635, 00000000, 00000000, 00,Taken, false
 636, 00000000, 00000000, 00,Taken, false
 637, 00000000, 00000000, 00,Taken, false
 638, 004009F8, 00400200, 00,Taken, true
 639, 00000000, 00000000, 00,Taken, false
 640, 00000000, 00000000, 00,Taken, false
 641, 00000000, 00000000, 00,Taken, false
 642, 00000000, 00000000, 00,Taken, false
 643, 00000000, 00000000, 00,Taken, false
 644, 00000000, 00000000, 00,Taken, false
 645, 00400A14, 00400200, 00,Taken, true
 646, 00000000, 00000000, 00,Taken, false
 647, 00000000, 00000000, 00,Taken, false
 648, 00000000, 00000000, 00,Taken, false
 649, 00000000, 00000000, 00,Taken, false
 650, 00000000, 00000000, 00,Taken, false
 651, 00000000, 00000000, 00,Taken, false
 652, 00400A30, 00400200, 00,Taken, true
 653, 00000000, 00000000, 00,Taken, false
 654, 00000000, 00000000, 00,Taken, false
 655, 00000000, 00000000, 00,Taken, false
 656, 00000000, 00000000, 00,Taken, false
 657, 00000000, 00000000, 00,Taken, false
 658, 00000000, 00000000, 00,Taken, false
 659, 00400A4C, 00400200, 00,Taken, true
 660, 00000000, 00000000, 00,Taken, false
 661, 00000000, 00000000, 00,Taken, false
 662, 00000000, 00000000, 00,Taken, false
 663, 00000000, 00000000, 00,Taken, false
 664, 00000000, 00000000, 00,Taken, false
 665, 00000000, 00000000, 00,Taken, false
 666, 00400A68, 00400200, 00,Taken, true
 667, 00000000, 00000000, 00,Taken, false
 668, 00000000, 00000000, 00,Taken, false
 669, 00000000, 00000000, 00,Taken, false
 670, 00000000, 00000000, 00,Taken, false
 671, 00000000, 00000000, 00,Taken, false
 672, 00000000, 00000000, 00,Taken, false
 673, 00400A84, 00400200, 00,Taken, true
 674, 00000000, 00000000, 00,Taken, false
 675, 00000000, 00000000, 00,Taken, false
 676, 00000000, 00000000, 00,Taken, false
 677, 00000000, 00000000, 00,Taken, false
 678, 00000000, 00000000, 00,Taken, false
 679, 00000000, 00000000, 00,Taken, false
 680, 00400AA0, 00400200, 00,Taken, true
 681, 00000000, 00000000, 00,Taken, false
 682, 00000000, 00000000, 00,Taken, false
 683, 00400AAC, 00400200, 00,Taken, true
 684, 00000000, 00000000, 00,Taken, false
 685, 00000000, 00000000, 00,Taken, false
 686, 00400AB8, 00400200, 00,Taken, true
 687, 00000000, 00000000, 00,Taken, false
 688, 00000000, 00000000, 00,Taken, false
 689, 00000000, 00000000, 00,Taken, false
 690, 00000000, 00000000, 00,Taken, false
 691, 00400ACC, 00400200, 00,Taken, true
 692, 00000000, 00000000, 00,Taken, false
 693, 00000000, 00000000, 00,Taken, false
 694, 00000000, 00000000, 00,Taken, false
 695, 00000000, 00000000, 00,Taken, false
 696, 00000000, 00000000, 00,Taken, false
 697, 00000000, 00000000, 00,Taken, false
 698, 00000000, 00000000, 00,Taken, false
 699, 00000000, 00000000, 00,Taken, false
 700, 00400AF0, 00400AC8, 01,Taken, true
 701, 00400AF4, 00400200, 00,Taken, true
 702, 00000000, 00000000, 00,Taken, false
 703, 00000000, 00000000, 00,Taken, false
 704, 00400B00, 00400200, 00,Taken, true
 705, 00000000, 00000000, 00,Taken, false
 706, 00000000, 00000000, 00,Taken, false
 707, 00400B0C, 00400200, 00,Taken, true
 708, 00000000, 00000000, 00,Taken, false
 709, 00000000, 00000000, 00,Taken, false
 710, 00400B18, 00400200, 00,Taken, true
 711, 00000000, 00000000, 00,Taken, false
 712, 00000000, 00000000, 00,Taken, false
 713, 00400B24, 00400200, 00,Taken, true
 714, 00000000, 00000000, 00,Taken, false
 715, 00000000, 00000000, 00,Taken, false
 716, 00000000, 00000000, 00,Taken, false
 717, 00000000, 00000000, 00,Taken, false
 718, 00000000, 00000000, 00,Taken, false
 719, 00400B3C, 00400200, 00,Taken, true
 720, 00000000, 00000000, 00,Taken, false
 721, 00000000, 00000000, 00,Taken, false
 722, 00000000, 00000000, 00,Taken, false
 723, 00000000, 00000000, 00,Taken, false
 724, 00000000, 00000000, 00,Taken, false
 725, 00000000, 00000000, 00,Taken, false
 726, 00000000, 00000000, 00,Taken, false
 727, 00000000, 00000000, 00,Taken, false
 728, 00400B60, 00400B38, 01,Taken, true
 729, 00400B64, 00400200, 00,Taken, true
 730, 00000000, 00000000, 00,Taken, false
 731, 00000000, 00000000, 00,Taken, false
 732, 00400B70, 00400200, 00,Taken, true
 733, 00000000, 00000000, 00,Taken, false
 734, 00000000, 00000000, 00,Taken, false
 735, 00000000, 00000000, 00,Taken, false
 736, 00000000, 00000000, 00,Taken, false
 737, 00000000, 00000000, 00,Taken, false
 738, 00400B88, 00400200, 00,Taken, true
 739, 00000000, 00000000, 00,Taken, false
 740, 00000000, 00000000, 00,Taken, false
 741, 00000000, 00000000, 00,Taken, false
 742, 00000000, 00000000, 00,Taken, false
 743, 00000000, 00000000, 00,Taken, false
 744, 00000000, 00000000, 00,Taken, false
 745, 00000000, 00000000, 00,Taken, false
 746, 00000000, 00000000, 00,Taken, false
 747, 00400BAC, 00400B84, 01,Taken, true
 748, 00000000, 00000000, 00,Taken, false
 749, 00000000, 00000000, 00,Taken, false
 750, 00000000, 00000000, 00,Taken, false
 751, 00400BBC, 00400200, 00,Taken, true
 752, 00000000, 00000000, 00,Taken, false
 753, 00000000, 00000000, 00,Taken, false
 754, 00000000, 00000000, 00,Taken, false
 755, 00000000, 00000000, 00,Taken, false
 756, 00000000, 00000000, 00,Taken, false
 757, 00000000, 00000000, 00,Taken, false
 758, 00000000, 00000000, 00,Taken, false
 759, 00000000, 00000000, 00,Taken, false
 760, 00400BE0, 00400BB8, 01,Taken, true
 761, 00000000, 00000000, 00,Taken, false
 762, 00000000, 00000000, 00,Taken, false
 763, 00400BEC, 00400200, 00,Taken, true
 764, 00000000, 00000000, 00,Taken, false
 765, 00000000, 00000000, 00,Taken, false
 766, 00000000, 00000000, 00,Taken, false
 767, 00000000, 00000000, 00,Taken, false
 768, 00000000, 00000000, 00,Taken, false
 769, 00000000, 00000000, 00,Taken, false
 770, 00000000, 00000000, 00,Taken, false
 771, 00000000, 00000000, 00,Taken, false
 772, 00000000, 00000000, 00,Taken, false
 773, 00000000, 00000000, 00,Taken, false
 774, 00000000, 00000000, 00,Taken, false
 775, 00000000, 00000000, 00,Taken, false
 776, 00400C20, 00400BEC, 01,Taken, true
 777, 00000000, 00000000, 00,Taken, false
 778, 00000000, 00000000, 00,Taken, false
 779, 00400C2C, 00400200, 00,Taken, true
 780, 00000000, 00000000, 00,Taken, false
 781, 00000000, 00000000, 00,Taken, false
 782, 00000000, 00000000, 00,Taken, false
 783, 00000000, 00000000, 00,Taken, false
 784, 00000000, 00000000, 00,Taken, false
 785, 00000000, 00000000, 00,Taken, false
 786, 0042AC48, 0042AC5C, 00,Taken, true
 787, 00000000, 00000000, 00,Taken, false
 788, 00000000, 00000000, 00,Taken, false
 789, 00000000, 00000000, 00,Taken, false
 790, 00000000, 00000000, 00,Taken, false
 791, 00000000, 00000000, 00,Taken, false
 792, 00400C60, 00400C2C, 01,Taken, true
 793, 00000000, 00000000, 00,Taken, false
 794, 00000000, 00000000, 00,Taken, false
 795, 00400C6C, 00400200, 00,Taken, true
 796, 00000000, 00000000, 00,Taken, false
 797, 00000000, 00000000, 00,Taken, false
 798, 00000000, 00000000, 00,Taken, false
 799, 00000000, 00000000, 00,Taken, false
 800, 00000000, 00000000, 00,Taken, false
 801, 0042BC84, 0042E330, 00,Taken, true
 802, 00000000, 00000000, 00,Taken, false
 803, 00000000, 00000000, 00,Taken, false
 804, 00000000, 00000000, 00,Taken, false
 805, 0042BC94, 0042BC9C, 00,Taken, true
 806, 00000000, 00000000, 00,Taken, false
 807, 00000000, 00000000, 00,Taken, false
 808, 00400CA0, 00400C6C, 01,Taken, true
 809, 0042ACA4, 0042DBA0, 00,Taken, true
 810, 0042BCA8, 004230E8, 00,Taken, true
 811, 00400CAC, 00400200, 00,Taken, true
 812, 00000000, 00000000, 00,Taken, false
 813, 00000000, 00000000, 00,Taken, false
 814, 0042ACB8, 0042ACC8, 00,Taken, true
 815, 00000000, 00000000, 00,Taken, false
 816, 00000000, 00000000, 00,Taken, false
 817, 00000000, 00000000, 00,Taken, false
 818, 00000000, 00000000, 00,Taken, false
 819, 00000000, 00000000, 00,Taken, false
 820, 00000000, 00000000, 00,Taken, false
 821, 0042ACD4, 0042ACE8, 01,Taken, true
 822, 00000000, 00000000, 00,Taken, false
 823, 00000000, 00000000, 00,Taken, false
 824, 00400CE0, 00400CAC, 01,Taken, true
 825, 00000000, 00000000, 00,Taken, false
 826, 00000000, 00000000, 00,Taken, false
 827, 00400CEC, 00400200, 00,Taken, true
 828, 00000000, 00000000, 00,Taken, false
 829, 00000000, 00000000, 00,Taken, false
 830, 00000000, 00000000, 00,Taken, false
 831, 00000000, 00000000, 00,Taken, false
 832, 00000000, 00000000, 00,Taken, false
 833, 00000000, 00000000, 00,Taken, false
 834, 00000000, 00000000, 00,Taken, false
 835, 00000000, 00000000, 00,Taken, false
 836, 00000000, 00000000, 00,Taken, false
 837, 0042AD14, 0042DBA0, 00,Taken, true
 838, 00000000, 00000000, 00,Taken, false
 839, 0042AD1C, 0042AD2C, 00,Taken, true
 840, 00400D20, 00400CEC, 01,Taken, true
 841, 00000000, 00000000, 00,Taken, false
 842, 00000000, 00000000, 00,Taken, false
 843, 00400D2C, 00400200, 00,Taken, true
 844, 00000000, 00000000, 00,Taken, false
 845, 00000000, 00000000, 00,Taken, false
 846, 0042AD38, 00420300, 10,NT   , true
 847, 0042AD3C, 00420350, 00,Taken, true
 848, 00000000, 00000000, 00,Taken, false
 849, 00000000, 00000000, 00,Taken, false
 850, 00000000, 00000000, 00,Taken, false
 851, 00000000, 00000000, 00,Taken, false
 852, 00000000, 00000000, 00,Taken, false
 853, 00000000, 00000000, 00,Taken, false
 854, 00000000, 00000000, 00,Taken, false
 855, 00000000, 00000000, 00,Taken, false
 856, 00400D60, 00400D2C, 01,Taken, true
 857, 00000000, 00000000, 00,Taken, false
 858, 00000000, 00000000, 00,Taken, false
 859, 00400D6C, 00400200, 00,Taken, true
 860, 00000000, 00000000, 00,Taken, false
 861, 00000000, 00000000, 00,Taken, false
 862, 00000000, 00000000, 00,Taken, false
 863, 00000000, 00000000, 00,Taken, false
 864, 00000000, 00000000, 00,Taken, false
 865, 00000000, 00000000, 00,Taken, false
 866, 00000000, 00000000, 00,Taken, false
 867, 00000000, 00000000, 00,Taken, false
 868, 00000000, 00000000, 00,Taken, false
 869, 00000000, 00000000, 00,Taken, false
 870, 00000000, 00000000, 00,Taken, false
 871, 00000000, 00000000, 00,Taken, false
 872, 00400DA0, 00400D6C, 01,Taken, true
 873, 00000000, 00000000, 00,Taken, false
 874, 00000000, 00000000, 00,Taken, false
 875, 00400DAC, 00400200, 00,Taken, true
 876, 00000000, 00000000, 00,Taken, false
 877, 00000000, 00000000, 00,Taken, false
 878, 00000000, 00000000, 00,Taken, false
 879, 00000000, 00000000, 00,Taken, false
 880, 00000000, 00000000, 00,Taken, false
 881, 00000000, 00000000, 00,Taken, false
 882, 00000000, 00000000, 00,Taken, false
 883, 00000000, 00000000, 00,Taken, false
 884, 00000000, 00000000, 00,Taken, false
 885, 00000000, 00000000, 00,Taken, false
 886, 00000000, 00000000, 00,Taken, false
 887, 00000000, 00000000, 00,Taken, false
 888, 00400DE0, 00400DAC, 00,Taken, true
 889, 00000000, 00000000, 00,Taken, false
 890, 00000000, 00000000, 00,Taken, false
 891, 00000000, 00000000, 00,Taken, false
 892, 00000000, 00000000, 00,Taken, false
 893, 00000000, 00000000, 00,Taken, false
 894, 00000000, 00000000, 00,Taken, false
 895, 00000000, 00000000, 00,Taken, false
 896, 00000000, 00000000, 00,Taken, false
 897, 00000000, 00000000, 00,Taken, false
 898, 00000000, 00000000, 00,Taken, false
 899, 00000000, 00000000, 00,Taken, false
 900, 00000000, 00000000, 00,Taken, false
 901, 00000000, 00000000, 00,Taken, false
 902, 00000000, 00000000, 00,Taken, false
 903, 00000000, 00000000, 00,Taken, false
 904, 00000000, 00000000, 00,Taken, false
 905, 00000000, 00000000, 00,Taken, false
 906, 00000000, 00000000, 00,Taken, false
 907, 00000000, 00000000, 00,Taken, false
 908, 00000000, 00000000, 00,Taken, false
 909, 00000000, 00000000, 00,Taken, false
 910, 00000000, 00000000, 00,Taken, false
 911, 00000000, 00000000, 00,Taken, false
 912, 00000000, 00000000, 00,Taken, false
 913, 00000000, 00000000, 00,Taken, false
 914, 00000000, 00000000, 00,Taken, false
 915, 00000000, 00000000, 00,Taken, false
 916, 00000000, 00000000, 00,Taken, false
 917, 00000000, 00000000, 00,Taken, false
 918, 00000000, 00000000, 00,Taken, false
 919, 00425E5C, 00425EA4, 10,NT   , true
 920, 00000000, 00000000, 00,Taken, false
 921, 00000000, 00000000, 00,Taken, false
 922, 00000000, 00000000, 00,Taken, false
 923, 00425E6C, 00425E7C, 00,Taken, true
 924, 00000000, 00000000, 00,Taken, false
 925, 00000000, 00000000, 00,Taken, false
 926, 00000000, 00000000, 00,Taken, false
 927, 00000000, 00000000, 00,Taken, false
 928, 00000000, 00000000, 00,Taken, false
 929, 00000000, 00000000, 00,Taken, false
 930, 00425E88, 00425E90, 10,NT   , true
 931, 00000000, 00000000, 00,Taken, false
 932, 00000000, 00000000, 00,Taken, false
 933, 00000000, 00000000, 00,Taken, false
 934, 00000000, 00000000, 00,Taken, false
 935, 00000000, 00000000, 00,Taken, false
 936, 00425EA0, 00425E60, 01,Taken, true
 937, 00000000, 00000000, 00,Taken, false
 938, 00000000, 00000000, 00,Taken, false
 939, 00425EAC, 00425F88, 00,Taken, true
 940, 00000000, 00000000, 00,Taken, false
 941, 00000000, 00000000, 00,Taken, false
 942, 00000000, 00000000, 00,Taken, false
 943, 00000000, 00000000, 00,Taken, false
 944, 00000000, 00000000, 00,Taken, false
 945, 00000000, 00000000, 00,Taken, false
 946, 00000000, 00000000, 00,Taken, false
 947, 00000000, 00000000, 00,Taken, false
 948, 00425ED0, 0042B2F0, 00,Taken, true
 949, 00000000, 00000000, 00,Taken, false
 950, 00000000, 00000000, 00,Taken, false
 951, 00425EDC, 00425F14, 00,Taken, true
 952, 00000000, 00000000, 00,Taken, false
 953, 00000000, 00000000, 00,Taken, false
 954, 00000000, 00000000, 00,Taken, false
 955, 00000000, 00000000, 00,Taken, false
 956, 00000000, 00000000, 00,Taken, false
 957, 00000000, 00000000, 00,Taken, false
 958, 00000000, 00000000, 00,Taken, false
 959, 00000000, 00000000, 00,Taken, false
 960, 00000000, 00000000, 00,Taken, false
 961, 00000000, 00000000, 00,Taken, false
 962, 00000000, 00000000, 00,Taken, false
 963, 00000000, 00000000, 00,Taken, false
 964, 00000000, 00000000, 00,Taken, false
 965, 00000000, 00000000, 00,Taken, false
 966, 00425F18, 00425F30, 00,Taken, true
 967, 00000000, 00000000, 00,Taken, false
 968, 00000000, 00000000, 00,Taken, false
 969, 00000000, 00000000, 00,Taken, false
 970, 00000000, 00000000, 00,Taken, false
 971, 00000000, 00000000, 00,Taken, false
 972, 00000000, 00000000, 00,Taken, false
 973, 00000000, 00000000, 00,Taken, false
 974, 00000000, 00000000, 00,Taken, false
 975, 00000000, 00000000, 00,Taken, false
 976, 00000000, 00000000, 00,Taken, false
 977, 00000000, 00000000, 00,Taken, false
 978, 00000000, 00000000, 00,Taken, false
 979, 00000000, 00000000, 00,Taken, false
 980, 00000000, 00000000, 00,Taken, false
 981, 00000000, 00000000, 00,Taken, false
 982, 00000000, 00000000, 00,Taken, false
 983, 00000000, 00000000, 00,Taken, false
 984, 00000000, 00000000, 00,Taken, false
 985, 00000000, 00000000, 00,Taken, false
 986, 00000000, 00000000, 00,Taken, false
 987, 00000000, 00000000, 00,Taken, false
 988, 00000000, 00000000, 00,Taken, false
 989, 00425F74, 0042C1D0, 00,Taken, true
 990, 00000000, 00000000, 00,Taken, false
 991, 00000000, 00000000, 00,Taken, false
 992, 00000000, 00000000, 00,Taken, false
 993, 00000000, 00000000, 00,Taken, false
 994, 00000000, 00000000, 00,Taken, false
 995, 00000000, 00000000, 00,Taken, false
 996, 00000000, 00000000, 00,Taken, false
 997, 00000000, 00000000, 00,Taken, false
 998, 00000000, 00000000, 00,Taken, false
 999, 00000000, 00000000, 00,Taken, false
1000, 00000000, 00000000, 00,Taken, false
1001, 00000000, 00000000, 00,Taken, false
1002, 00000000, 00000000, 00,Taken, false
1003, 00000000, 00000000, 00,Taken, false
1004, 00000000, 00000000, 00,Taken, false
1005, 00425FB4, 0042C1D0, 00,Taken, true
1006, 00000000, 00000000, 00,Taken, false
1007, 00000000, 00000000, 00,Taken, false
1008, 00000000, 00000000, 00,Taken, false
1009, 00000000, 00000000, 00,Taken, false
1010, 00422FC8, 00425E40, 00,Taken, true
1011, 00000000, 00000000, 00,Taken, false
1012, 00000000, 00000000, 00,Taken, false
1013, 00000000, 00000000, 00,Taken, false
1014, 00000000, 00000000, 00,Taken, false
1015, 00425FDC, 0042303C, 00,Taken, true
1016, 00000000, 00000000, 00,Taken, false
1017, 00000000, 00000000, 00,Taken, false
1018, 00422FE8, 004230A8, 00,Taken, true
1019, 00000000, 00000000, 00,Taken, false
1020, 00000000, 00000000, 00,Taken, false
1021, 00000000, 00000000, 00,Taken, false
1022, 00000000, 00000000, 00,Taken, false
1023, 00000000, 00000000, 00,Taken, false
