Index, PC, Target, State Machine, Prediction, Busy
   0, 00405000, 0040C0E0, 01, Taken, true
   1, 00408004, 00408074, 00, Taken, true
   2, 00406008, 0040BD4C, 00, Taken, true
   3, 00000000, 00000000, 00, Taken, false
   4, 00405010, 0040C0E0, 01, Taken, true
   5, 00000000, 00000000, 00, Taken, false
   6, 00000000, 00000000, 00, Taken, false
   7, 00000000, 00000000, 00, Taken, false
   8, 0040C020, 0040F4B0, 00, Taken, true
   9, 00408024, 004080B8, 00, Taken, true
  10, 0040C028, 0040C044, 11, NT   , true
  11, 0040502C, 0040C0E0, 01, Taken, true
  12, 00411030, 0041103C, 00, Taken, true
  13, 00000000, 00000000, 00, Taken, false
  14, 00404038, 00404518, 00, Taken, true
  15, 0040B03C, 0040B048, 00, Taken, true
  16, 00405040, 0040B4D8, 01, Taken, true
  17, 00000000, 00000000, 00, Taken, false
  18, 00405048, 0040C0E0, 01, Taken, true
  19, 0041104C, 0040F280, 00, Taken, true
  20, 00406050, 00406060, 11, NT   , true
  21, 0040C054, 0040BFF8, 00, Taken, true
  22, 00405058, 0040C0E0, 01, Taken, true
  23, 0040605C, 0040606C, 00, Taken, true
  24, 0040B060, 0040AF4C, 00, Taken, true
  25, 00404064, 00404074, 00, Taken, true
  26, 00405068, 0040C0E0, 01, Taken, true
  27, 00000000, 00000000, 00, Taken, false
  28, 0040A070, 0040B494, 00, Taken, true
  29, 00405074, 0040C0E0, 01, Taken, true
  30, 0040A078, 0040A09C, 00, Taken, true
  31, 0040607C, 00406098, 00, Taken, true
  32, 00405080, 0040C0E0, 01, Taken, true
  33, 0040C084, 00402D30, 00, Taken, true
  34, 00000000, 00000000, 00, Taken, false
  35, 00000000, 00000000, 00, Taken, false
  36, 00405090, 0040C0E0, 01, Taken, true
  37, 00406094, 00406044, 00, Taken, true
  38, 00404098, 004040B8, 00, Taken, true
  39, 0040609C, 004060C4, 00, Taken, true
  40, 0040A0A0, 00402F0C, 00, Taken, true
  41, 00000000, 00000000, 00, Taken, false
  42, 0040B0A8, 0040B0E8, 00, Taken, true
  43, 00000000, 00000000, 00, Taken, false
  44, 0040B0B0, 004051EC, 00, Taken, true
  45, 004050B4, 0040C0E0, 01, Taken, true
  46, 0040B0B8, 004053B0, 00, Taken, true
  47, 004040BC, 0040C170, 00, Taken, true
  48, 00000000, 00000000, 00, Taken, false
  49, 004080C4, 004082D8, 00, Taken, true
  50, 0040A0C8, 0040E640, 01, Taken, true
  51, 004060CC, 00405C30, 00, Taken, true
  52, 00000000, 00000000, 00, Taken, false
  53, 0040A0D4, 004057CC, 01, Taken, true
  54, 004050D8, 0040C0E0, 01, Taken, true
  55, 004040DC, 00404150, 00, Taken, true
  56, 0040B0E0, 0040B0AC, 11, NT   , true
  57, 00000000, 00000000, 00, Taken, false
  58, 0040A0E8, 0040A0FC, 01, Taken, true
  59, 004060EC, 0040B9A0, 00, Taken, true
  60, 00000000, 00000000, 00, Taken, false
  61, 00000000, 00000000, 00, Taken, false
  62, 004060F8, 0040BD4C, 00, Taken, true
  63, 0040C0FC, 004051C0, 00, Taken, true
  64, 00405100, 0040C0E0, 01, Taken, true
  65, 00404104, 00404114, 00, Taken, true
  66, 00406108, 00402CC0, 00, Taken, true
  67, 0040C10C, 0040C124, 11, NT   , true
  68, 0040A110, 00405800, 01, Taken, true
  69, 00405114, 0040C0E0, 01, Taken, true
  70, 00403118, 0040314C, 01, Taken, true
  71, 00000000, 00000000, 00, Taken, false
  72, 00403120, 00403238, 01, Taken, true
  73, 00000000, 00000000, 00, Taken, false
  74, 00405128, 0040C0E0, 01, Taken, true
  75, 0040C12C, 00402E6C, 00, Taken, true
  76, 00403130, 0040314C, 00, Taken, true
  77, 00000000, 00000000, 00, Taken, false
  78, 0040A138, 0040A1C8, 01, Taken, true
  79, 0040613C, 00404518, 00, Taken, true
  80, 00405140, 0040C0E0, 01, Taken, true
  81, 00000000, 00000000, 00, Taken, false
  82, 0040C148, 0040C154, 00, Taken, true
  83, 0040414C, 00403D78, 00, Taken, true
  84, 0040C150, 0040C160, 00, Taken, true
  85, 0040A154, 0040A164, 00, Taken, true
  86, 00406158, 0040B9A0, 00, Taken, true
  87, 0040515C, 0040C0E0, 01, Taken, true
  88, 00000000, 00000000, 00, Taken, false
  89, 00406164, 00402D00, 00, Taken, true
  90, 00405168, 0040C0E0, 01, Taken, true
  91, 0040616C, 00406178, 00, Taken, true
  92, 0040A170, 0040A1C8, 00, Taken, true
  93, 00406174, 0040617C, 00, Taken, true
  94, 00403178, 00402D14, 00, Taken, true
  95, 0040C17C, 00402D30, 00, Taken, true
  96, 00405180, 0040C0E0, 01, Taken, true
  97, 00000000, 00000000, 00, Taken, false
  98, 00406188, 00406154, 01, Taken, true
  99, 0040C18C, 004040C0, 00, Taken, true
 100, 00000000, 00000000, 00, Taken, false
 101, 00403194, 0040EAA0, 00, Taken, true
 102, 00405198, 0040C0E0, 01, Taken, true
 103, 0040419C, 004044D0, 00, Taken, true
 104, 0040B1A0, 0040B1A8, 00, Taken, true
 105, 004061A4, 00403CDC, 00, Taken, true
 106, 00000000, 00000000, 00, Taken, false
 107, 00000000, 00000000, 00, Taken, false
 108, 0040C1B0, 00402D30, 00, Taken, true
 109, 00000000, 00000000, 00, Taken, false
 110, 00000000, 00000000, 00, Taken, false
 111, 004051BC, 0040C0E0, 01, Taken, true
 112, 00000000, 00000000, 00, Taken, false
 113, 0040A1C4, 00405664, 01, Taken, true
 114, 00000000, 00000000, 00, Taken, false
 115, 0040C1CC, 00402CC0, 01, Taken, true
 116, 00000000, 00000000, 00, Taken, false
 117, 004051D4, 00405628, 01, Taken, true
 118, 00000000, 00000000, 00, Taken, false
 119, 004041DC, 0040421C, 00, Taken, true
 120, 0040A1E0, 0040A1E8, 10, NT   , true
 121, 00000000, 00000000, 00, Taken, false
 122, 0040C1E8, 004041D0, 00, Taken, true
 123, 004051EC, 004051F8, 00, Taken, true
 124, 0040A1F0, 0040A23C, 00, Taken, true
 125, 004031F4, 00403218, 00, Taken, true
 126, 004041F8, 004044D0, 00, Taken, true
 127, 00000000, 00000000, 00, Taken, false
 128, 0040C200, 0040C248, 00, Taken, true
 129, 0040A204, 0040A23C, 00, Taken, true
 130, 00000000, 00000000, 00, Taken, false
 131, 0040520C, 004052BC, 00, Taken, true
 132, 0040C210, 0040C238, 00, Taken, true
 133, 0040A214, 0040A224, 00, Taken, true
 134, 00404218, 004041C0, 00, Taken, true
 135, 0040F21C, 0040EAA0, 00, Taken, true
 136, 00404220, 00404360, 00, Taken, true
 137, 00403224, 0040E6B0, 00, Taken, true
 138, 0040F228, 0040F234, 00, Taken, true
 139, 00000000, 00000000, 00, Taken, false
 140, 00000000, 00000000, 00, Taken, false
 141, 00403234, 00402D90, 00, Taken, true
 142, 0040A238, 0040A174, 00, Taken, true
 143, 0040F23C, 00411860, 00, Taken, true
 144, 00000000, 00000000, 00, Taken, false
 145, 00403244, 00403278, 01, Taken, true
 146, 0040B248, 0040B254, 10, NT   , true
 147, 00000000, 00000000, 00, Taken, false
 148, 0040A250, 004051EC, 01, Taken, true
 149, 00000000, 00000000, 00, Taken, false
 150, 0040B258, 0040B2BC, 00, Taken, true
 151, 0040A25C, 0040A268, 00, Taken, true
 152, 00000000, 00000000, 00, Taken, false
 153, 00403264, 0040364C, 00, Taken, true
 154, 00410268, 004102EC, 11, NT   , true
 155, 0040C26C, 00408C0C, 00, Taken, true
 156, 0040A270, 0040AFFC, 00, Taken, true
 157, 00403274, 00403124, 00, Taken, true
 158, 0040C278, 0040C288, 00, Taken, true
 159, 00000000, 00000000, 00, Taken, false
 160, 0040A280, 0040A28C, 00, Taken, true
 161, 00000000, 00000000, 00, Taken, false
 162, 00403288, 004032FC, 01, Taken, true
 163, 00000000, 00000000, 00, Taken, false
 164, 0040F290, 0040F284, 01, Taken, true
 165, 00403294, 004032FC, 01, Taken, true
 166, 0040F298, 0040B2F8, 01, Taken, true
 167, 0041029C, 004102C0, 00, Taken, true
 168, 00000000, 00000000, 00, Taken, false
 169, 0040A2A4, 0040AEA8, 00, Taken, true
 170, 00000000, 00000000, 00, Taken, false
 171, 00000000, 00000000, 00, Taken, false
 172, 0040F2B0, 00411A70, 00, Taken, true
 173, 00000000, 00000000, 00, Taken, false
 174, 0040A2B8, 0040A334, 00, Taken, true
 175, 0040C2BC, 0040C2CC, 00, Taken, true
 176, 004032C0, 004032FC, 00, Taken, true
 177, 00000000, 00000000, 00, Taken, false
 178, 0040C2C8, 0040C2F8, 00, Taken, true
 179, 00000000, 00000000, 00, Taken, false
 180, 004052D0, 004053A0, 00, Taken, true
 181, 004032D4, 004032B0, 01, Taken, true
 182, 0040C2D8, 0040C2A8, 01, Taken, true
 183, 004032DC, 00403498, 01, Taken, true
 184, 0040B2E0, 0040B2E8, 00, Taken, true
 185, 0040A2E4, 0040A314, 11, NT   , true
 186, 0040C2E8, 0040C298, 11, NT   , true
 187, 004102EC, 0041031C, 01, Taken, true
 188, 00000000, 00000000, 00, Taken, false
 189, 0040B2F4, 0040F280, 00, Taken, true
 190, 004052F8, 00405364, 00, Taken, true
 191, 00000000, 00000000, 00, Taken, false
 192, 0040C300, 0040C204, 00, Taken, true
 193, 00000000, 00000000, 00, Taken, false
 194, 00000000, 00000000, 00, Taken, false
 195, 00000000, 00000000, 00, Taken, false
 196, 00403310, 00403410, 11, NT   , true
 197, 00000000, 00000000, 00, Taken, false
 198, 00401318, 00404518, 00, Taken, true
 199, 00000000, 00000000, 00, Taken, false
 200, 00000000, 00000000, 00, Taken, false
 201, 00000000, 00000000, 00, Taken, false
 202, 00000000, 00000000, 00, Taken, false
 203, 00000000, 00000000, 00, Taken, false
 204, 00403330, 0040339C, 01, Taken, true
 205, 00000000, 00000000, 00, Taken, false
 206, 0040C338, 0040C348, 00, Taken, true
 207, 00000000, 00000000, 00, Taken, false
 208, 00403340, 00403728, 00, Taken, true
 209, 00401344, 0040BA94, 00, Taken, true
 210, 00403348, 0040336C, 10, NT   , true
 211, 0040134C, 00401380, 00, Taken, true
 212, 00000000, 00000000, 00, Taken, false
 213, 0040C354, 0040C324, 01, Taken, true
 214, 00000000, 00000000, 00, Taken, false
 215, 0040B35C, 0040F830, 00, Taken, true
 216, 00410360, 0041100C, 00, Taken, true
 217, 00404364, 004043F8, 00, Taken, true
 218, 00403368, 00403320, 00, Taken, true
 219, 00000000, 00000000, 00, Taken, false
 220, 00403370, 004037B8, 00, Taken, true
 221, 0040C374, 00408C48, 00, Taken, true
 222, 00403378, 0040339C, 00, Taken, true
 223, 0040137C, 00401394, 00, Taken, true
 224, 00405380, 004053A4, 00, Taken, true
 225, 0040B384, 0040AFB0, 00, Taken, true
 226, 00000000, 00000000, 00, Taken, false
 227, 0040138C, 00401334, 00, Taken, true
 228, 00000000, 00000000, 00, Taken, false
 229, 00405394, 004053A4, 00, Taken, true
 230, 00000000, 00000000, 00, Taken, false
 231, 0040B39C, 00402D00, 00, Taken, true
 232, 004033A0, 00403414, 00, Taken, true
 233, 004013A4, 00403CDC, 00, Taken, true
 234, 00000000, 00000000, 00, Taken, false
 235, 004053AC, 0040ABC8, 00, Taken, true
 236, 004113B0, 004113D4, 11, NT   , true
 237, 004033B4, 00403400, 10, NT   , true
 238, 004053B8, 004053C4, 00, Taken, true
 239, 004033BC, 004037B8, 00, Taken, true
 240, 0040C3C0, 0040C414, 11, NT   , true
 241, 004033C4, 004033EC, 00, Taken, true
 242, 0040B3C8, 00402EDC, 00, Taken, true
 243, 00000000, 00000000, 00, Taken, false
 244, 004113D0, 004113FC, 00, Taken, true
 245, 00000000, 00000000, 00, Taken, false
 246, 004053D8, 00405460, 00, Taken, true
 247, 004033DC, 00403320, 00, Taken, true
 248, 00000000, 00000000, 00, Taken, false
 249, 0040B3E4, 0040B638, 00, Taken, true
 250, 0040C3E8, 0040C3F4, 01, Taken, true
 251, 00000000, 00000000, 00, Taken, false
 252, 0040C3F0, 0040C418, 00, Taken, true
 253, 00000000, 00000000, 00, Taken, false
 254, 004033F8, 0040339C, 00, Taken, true
 255, 004043FC, 00404484, 00, Taken, true
 256, 0040C400, 0040C3D4, 00, Taken, true
 257, 0040B404, 00404518, 00, Taken, true
 258, 00411408, 004113A0, 01, Taken, true
 259, 0040340C, 0040339C, 00, Taken, true
 260, 00000000, 00000000, 00, Taken, false
 261, 00411414, 00410254, 00, Taken, true
 262, 00402418, 00404518, 01, Taken, true
 263, 00000000, 00000000, 00, Taken, false
 264, 00000000, 00000000, 00, Taken, false
 265, 00403424, 004032C4, 00, Taken, true
 266, 00000000, 00000000, 00, Taken, false
 267, 00000000, 00000000, 00, Taken, false
 268, 00000000, 00000000, 00, Taken, false
 269, 0040B434, 00402D00, 00, Taken, true
 270, 00000000, 00000000, 00, Taken, false
 271, 00000000, 00000000, 00, Taken, false
 272, 0040B440, 00402D00, 00, Taken, true
 273, 00000000, 00000000, 00, Taken, false
 274, 00000000, 00000000, 00, Taken, false
 275, 00000000, 00000000, 00, Taken, false
 276, 00000000, 00000000, 00, Taken, false
 277, 00000000, 00000000, 00, Taken, false
 278, 0040B458, 00402F3C, 00, Taken, true
 279, 00000000, 00000000, 00, Taken, false
 280, 00000000, 00000000, 00, Taken, false
 281, 00405464, 004051EC, 00, Taken, true
 282, 00403468, 004032FC, 00, Taken, true
 283, 00000000, 00000000, 00, Taken, false
 284, 00000000, 00000000, 00, Taken, false
 285, 00000000, 00000000, 00, Taken, false
 286, 00402478, 004024C4, 00, Taken, true
 287, 0040347C, 00403454, 01, Taken, true
 288, 00405480, 0040B080, 00, Taken, true
 289, 00000000, 00000000, 00, Taken, false
 290, 00404488, 004044B4, 00, Taken, true
 291, 00000000, 00000000, 00, Taken, false
 292, 0040B490, 0040A2E0, 00, Taken, true
 293, 00403494, 00403770, 00, Taken, true
 294, 00000000, 00000000, 00, Taken, false
 295, 0040A49C, 0040BCC0, 01, Taken, true
 296, 00000000, 00000000, 00, Taken, false
 297, 004124A4, 00411FB0, 01, Taken, true
 298, 00000000, 00000000, 00, Taken, false
 299, 0040A4AC, 0040BA08, 01, Taken, true
 300, 0040B4B0, 0040B4BC, 10, NT   , true
 301, 00000000, 00000000, 00, Taken, false
 302, 0040A4B8, 0040BD4C, 01, Taken, true
 303, 0040F4BC, 0040F4E4, 10, NT   , true
 304, 0040A4C0, 00402D00, 01, Taken, true
 305, 0040F4C4, 0040F4EC, 11, NT   , true
 306, 0040B4C8, 0040B4A8, 00, Taken, true
 307, 004044CC, 004040EC, 00, Taken, true
 308, 004024D0, 0040C190, 00, Taken, true
 309, 00000000, 00000000, 00, Taken, false
 310, 0040F4D8, 0040F4B4, 00, Taken, true
 311, 004034DC, 004034EC, 01, Taken, true
 312, 0040F4E0, 0040C024, 00, Taken, true
 313, 0040B4E4, 00403054, 01, Taken, true
 314, 0040F4E8, 0040C024, 00, Taken, true
 315, 004124EC, 00411A88, 01, Taken, true
 316, 0040F4F0, 0040BFA0, 00, Taken, true
 317, 0040A4F4, 00403B44, 01, Taken, true
 318, 004024F8, 0040244C, 00, Taken, true
 319, 00000000, 00000000, 00, Taken, false
 320, 00000000, 00000000, 00, Taken, false
 321, 00403504, 00403600, 11, NT   , true
 322, 00000000, 00000000, 00, Taken, false
 323, 00000000, 00000000, 00, Taken, false
 324, 00403510, 004035B8, 00, Taken, true
 325, 00404514, 004041FC, 00, Taken, true
 326, 00000000, 00000000, 00, Taken, false
 327, 0040251C, 00401868, 01, Taken, true
 328, 00000000, 00000000, 00, Taken, false
 329, 0040B524, 0040B504, 01, Taken, true
 330, 00000000, 00000000, 00, Taken, false
 331, 0040952C, 004094F4, 01, Taken, true
 332, 00000000, 00000000, 00, Taken, false
 333, 00000000, 00000000, 00, Taken, false
 334, 00000000, 00000000, 00, Taken, false
 335, 0040953C, 00404518, 00, Taken, true
 336, 00000000, 00000000, 00, Taken, false
 337, 00000000, 00000000, 00, Taken, false
 338, 00405548, 0040CC54, 00, Taken, true
 339, 0040954C, 00402D00, 00, Taken, true
 340, 00000000, 00000000, 00, Taken, false
 341, 00000000, 00000000, 00, Taken, false
 342, 00405558, 00409D58, 00, Taken, true
 343, 0040B55C, 0040B53C, 01, Taken, true
 344, 0040F560, 0040F568, 00, Taken, true
 345, 00000000, 00000000, 00, Taken, false
 346, 00409568, 00402CC0, 00, Taken, true
 347, 00000000, 00000000, 00, Taken, false
 348, 00000000, 00000000, 00, Taken, false
 349, 0040F574, 0040AF20, 00, Taken, true
 350, 00000000, 00000000, 00, Taken, false
 351, 00000000, 00000000, 00, Taken, false
 352, 00000000, 00000000, 00, Taken, false
 353, 00404584, 00404590, 00, Taken, true
 354, 00000000, 00000000, 00, Taken, false
 355, 00000000, 00000000, 00, Taken, false
 356, 00000000, 00000000, 00, Taken, false
 357, 0040B594, 0040B574, 01, Taken, true
 358, 00409598, 00408B54, 00, Taken, true
 359, 00000000, 00000000, 00, Taken, false
 360, 004075A0, 0040B9A0, 00, Taken, true
 361, 00000000, 00000000, 00, Taken, false
 362, 0040B5A8, 0040B388, 01, Taken, true
 363, 004075AC, 0040BD4C, 00, Taken, true
 364, 00000000, 00000000, 00, Taken, false
 365, 00000000, 00000000, 00, Taken, false
 366, 004045B8, 00404570, 11, NT   , true
 367, 004075BC, 004075D0, 00, Taken, true
 368, 00000000, 00000000, 00, Taken, false
 369, 004015C4, 00404518, 00, Taken, true
 370, 004075C8, 004075D4, 00, Taken, true
 371, 00000000, 00000000, 00, Taken, false
 372, 0040B5D0, 0040B388, 01, Taken, true
 373, 00000000, 00000000, 00, Taken, false
 374, 004045D8, 00403F18, 00, Taken, true
 375, 004035DC, 004035EC, 00, Taken, true
 376, 00000000, 00000000, 00, Taken, false
 377, 0040B5E4, 0040B388, 01, Taken, true
 378, 00000000, 00000000, 00, Taken, false
 379, 004115EC, 0040E688, 00, Taken, true
 380, 004055F0, 00405800, 01, Taken, true
 381, 00000000, 00000000, 00, Taken, false
 382, 004035F8, 00403604, 00, Taken, true
 383, 004115FC, 00411608, 00, Taken, true
 384, 00405600, 00405620, 01, Taken, true
 385, 00000000, 00000000, 00, Taken, false
 386, 00000000, 00000000, 00, Taken, false
 387, 0041160C, 0040E774, 00, Taken, true
 388, 00403610, 004034F4, 00, Taken, true
 389, 00408614, 00408628, 00, Taken, true
 390, 00000000, 00000000, 00, Taken, false
 391, 00000000, 00000000, 00, Taken, false
 392, 0040B620, 0040B388, 01, Taken, true
 393, 00408624, 00403CDC, 00, Taken, true
 394, 00000000, 00000000, 00, Taken, false
 395, 0040562C, 00405840, 01, Taken, true
 396, 00000000, 00000000, 00, Taken, false
 397, 0040B634, 0040B388, 01, Taken, true
 398, 00000000, 00000000, 00, Taken, false
 399, 0040863C, 0040B9A0, 00, Taken, true
 400, 00000000, 00000000, 00, Taken, false
 401, 00405644, 0040E760, 01, Taken, true
 402, 00403648, 004032EC, 00, Taken, true
 403, 0040864C, 0040B9A0, 00, Taken, true
 404, 00000000, 00000000, 00, Taken, false
 405, 00000000, 00000000, 00, Taken, false
 406, 00403658, 00403664, 00, Taken, true
 407, 00000000, 00000000, 00, Taken, false
 408, 00408660, 0040BD4C, 00, Taken, true
 409, 00000000, 00000000, 00, Taken, false
 410, 00405668, 0040E760, 01, Taken, true
 411, 00000000, 00000000, 00, Taken, false
 412, 00411670, 0040ECA4, 00, Taken, true
 413, 00000000, 00000000, 00, Taken, false
 414, 00403678, 0040F200, 00, Taken, true
 415, 00000000, 00000000, 00, Taken, false
 416, 00408680, 004086BC, 00, Taken, true
 417, 0040E684, 0041020C, 01, Taken, true
 418, 00000000, 00000000, 00, Taken, false
 419, 0041168C, 00411698, 01, Taken, true
 420, 00000000, 00000000, 00, Taken, false
 421, 00000000, 00000000, 00, Taken, false
 422, 00000000, 00000000, 00, Taken, false
 423, 0041169C, 0040EABC, 01, Taken, true
 424, 0040E6A0, 0040A0CC, 01, Taken, true
 425, 00000000, 00000000, 00, Taken, false
 426, 0040C6A8, 0040C698, 01, Taken, true
 427, 00000000, 00000000, 00, Taken, false
 428, 00000000, 00000000, 00, Taken, false
 429, 0040C6B4, 0040C6BC, 00, Taken, true
 430, 004026B8, 00404518, 01, Taken, true
 431, 00000000, 00000000, 00, Taken, false
 432, 004086C0, 004086CC, 00, Taken, true
 433, 0040C6C4, 0040C6D4, 00, Taken, true
 434, 00000000, 00000000, 00, Taken, false
 435, 00000000, 00000000, 00, Taken, false
 436, 004026D0, 00405800, 01, Taken, true
 437, 00000000, 00000000, 00, Taken, false
 438, 004026D8, 0040E760, 01, Taken, true
 439, 004026DC, 00402700, 01, Taken, true
 440, 00000000, 00000000, 00, Taken, false
 441, 0040C6E4, 0040C6EC, 00, Taken, true
 442, 00000000, 00000000, 00, Taken, false
 443, 00000000, 00000000, 00, Taken, false
 444, 0040C6F0, 0040BFC8, 00, Taken, true
 445, 00000000, 00000000, 00, Taken, false
 446, 00000000, 00000000, 00, Taken, false
 447, 00000000, 00000000, 00, Taken, false
 448, 00407700, 00407714, 00, Taken, true
 449, 00408704, 00408830, 00, Taken, true
 450, 0040C708, 0040C100, 01, Taken, true
 451, 00000000, 00000000, 00, Taken, false
 452, 00407710, 00403CDC, 00, Taken, true
 453, 0040E714, 0040E74C, 11, NT   , true
 454, 00000000, 00000000, 00, Taken, false
 455, 00000000, 00000000, 00, Taken, false
 456, 00000000, 00000000, 00, Taken, false
 457, 0040E724, 0040E748, 10, NT   , true
 458, 00407728, 0040B9A0, 00, Taken, true
 459, 0040C72C, 00402D00, 01, Taken, true
 460, 00000000, 00000000, 00, Taken, false
 461, 00407734, 0040B9A0, 00, Taken, true
 462, 00000000, 00000000, 00, Taken, false
 463, 0040E73C, 00403228, 00, Taken, true
 464, 00407740, 0040BD4C, 00, Taken, true
 465, 00000000, 00000000, 00, Taken, false
 466, 00000000, 00000000, 00, Taken, false
 467, 00000000, 00000000, 00, Taken, false
 468, 00000000, 00000000, 00, Taken, false
 469, 00407754, 0040BEBC, 00, Taken, true
 470, 00402758, 00402770, 11, NT   , true
 471, 0040775C, 00407770, 00, Taken, true
 472, 00402760, 0040BA94, 00, Taken, true
 473, 00403764, 00403770, 00, Taken, true
 474, 00402768, 00402784, 00, Taken, true
 475, 0040376C, 00403428, 00, Taken, true
 476, 0040E770, 004115F0, 00, Taken, true
 477, 00403774, 004037A8, 00, Taken, true
 478, 00000000, 00000000, 00, Taken, false
 479, 0040777C, 00407704, 00, Taken, true
 480, 00403780, 004037A8, 00, Taken, true
 481, 00000000, 00000000, 00, Taken, false
 482, 00000000, 00000000, 00, Taken, false
 483, 0040778C, 004078EC, 00, Taken, true
 484, 00000000, 00000000, 00, Taken, false
 485, 00000000, 00000000, 00, Taken, false
 486, 00000000, 00000000, 00, Taken, false
 487, 0040279C, 00402738, 00, Taken, true
 488, 00000000, 00000000, 00, Taken, false
 489, 00000000, 00000000, 00, Taken, false
 490, 00000000, 00000000, 00, Taken, false
 491, 004077AC, 004078EC, 00, Taken, true
 492, 00000000, 00000000, 00, Taken, false
 493, 004037B4, 00403344, 00, Taken, true
 494, 004007B8, 00404518, 00, Taken, true
 495, 004077BC, 00403CDC, 00, Taken, true
 496, 00000000, 00000000, 00, Taken, false
 497, 00000000, 00000000, 00, Taken, false
 498, 00000000, 00000000, 00, Taken, false
 499, 00000000, 00000000, 00, Taken, false
 500, 00000000, 00000000, 00, Taken, false
 501, 004007D4, 0040BA08, 00, Taken, true
 502, 00000000, 00000000, 00, Taken, false
 503, 004037DC, 004037EC, 00, Taken, true
 504, 00000000, 00000000, 00, Taken, false
 505, 00000000, 00000000, 00, Taken, false
 506, 00000000, 00000000, 00, Taken, false
 507, 004127EC, 004127F8, 00, Taken, true
 508, 004007F0, 0040C378, 00, Taken, true
 509, 004037F4, 00403800, 01, Taken, true
 510, 00000000, 00000000, 00, Taken, false
 511, 004037FC, 00403830, 00, Taken, true
 512, 00000000, 00000000, 00, Taken, false
 513, 00000000, 00000000, 00, Taken, false
 514, 00403808, 00403830, 00, Taken, true
 515, 00000000, 00000000, 00, Taken, false
 516, 00000000, 00000000, 00, Taken, false
 517, 00412814, 00411FB0, 01, Taken, true
 518, 00400818, 00403CDC, 00, Taken, true
 519, 00000000, 00000000, 00, Taken, false
 520, 00000000, 00000000, 00, Taken, false
 521, 0040E824, 004026DC, 01, Taken, true
 522, 00000000, 00000000, 00, Taken, false
 523, 00000000, 00000000, 00, Taken, false
 524, 00000000, 00000000, 00, Taken, false
 525, 00000000, 00000000, 00, Taken, false
 526, 00401838, 0040C170, 01, Taken, true
 527, 0040383C, 00403374, 00, Taken, true
 528, 00000000, 00000000, 00, Taken, false
 529, 00000000, 00000000, 00, Taken, false
 530, 00401848, 00401854, 01, Taken, true
 531, 00000000, 00000000, 00, Taken, false
 532, 00000000, 00000000, 00, Taken, false
 533, 00000000, 00000000, 00, Taken, false
 534, 00401858, 0040BA08, 01, Taken, true
 535, 00000000, 00000000, 00, Taken, false
 536, 0040F860, 0040F874, 00, Taken, true
 537, 00408864, 004088AC, 00, Taken, true
 538, 00000000, 00000000, 00, Taken, false
 539, 0040A86C, 00402D00, 00, Taken, true
 540, 00000000, 00000000, 00, Taken, false
 541, 00411874, 00411880, 00, Taken, true
 542, 0040A878, 0040AA6C, 00, Taken, true
 543, 00000000, 00000000, 00, Taken, false
 544, 00405880, 0040E90C, 00, Taken, true
 545, 00000000, 00000000, 00, Taken, false
 546, 00411888, 004118BC, 01, Taken, true
 547, 0040188C, 0040269C, 01, Taken, true
 548, 00000000, 00000000, 00, Taken, false
 549, 00000000, 00000000, 00, Taken, false
 550, 0040F898, 0040F8A8, 00, Taken, true
 551, 0040A89C, 00403B44, 00, Taken, true
 552, 00000000, 00000000, 00, Taken, false
 553, 00000000, 00000000, 00, Taken, false
 554, 00000000, 00000000, 00, Taken, false
 555, 00000000, 00000000, 00, Taken, false
 556, 004088B0, 004089DC, 00, Taken, true
 557, 004118B4, 00411890, 01, Taken, true
 558, 004098B8, 0040C0E0, 01, Taken, true
 559, 00000000, 00000000, 00, Taken, false
 560, 00000000, 00000000, 00, Taken, false
 561, 004018C4, 0040B9A0, 00, Taken, true
 562, 004098C8, 0040C0E0, 01, Taken, true
 563, 00000000, 00000000, 00, Taken, false
 564, 004018D0, 0040BD4C, 00, Taken, true
 565, 004118D4, 004118CC, 01, Taken, true
 566, 00000000, 00000000, 00, Taken, false
 567, 004018DC, 0040590C, 00, Taken, true
 568, 00000000, 00000000, 00, Taken, false
 569, 00000000, 00000000, 00, Taken, false
 570, 0040A8E8, 00404518, 00, Taken, true
 571, 00000000, 00000000, 00, Taken, false
 572, 004098F0, 00408A50, 01, Taken, true
 573, 0040F8F4, 0040F90C, 01, Taken, true
 574, 004118F8, 0040F240, 00, Taken, true
 575, 00000000, 00000000, 00, Taken, false
 576, 00000000, 00000000, 00, Taken, false
 577, 0040A904, 0040BA08, 00, Taken, true
 578, 00409908, 00408A50, 01, Taken, true
 579, 00000000, 00000000, 00, Taken, false
 580, 00407910, 0040B9A0, 00, Taken, true
 581, 00411914, 00411928, 00, Taken, true
 582, 00000000, 00000000, 00, Taken, false
 583, 0040A91C, 004051EC, 00, Taken, true
 584, 0040F920, 0040F958, 00, Taken, true
 585, 00000000, 00000000, 00, Taken, false
 586, 00409928, 00408ADC, 01, Taken, true
 587, 00000000, 00000000, 00, Taken, false
 588, 00000000, 00000000, 00, Taken, false
 589, 0040A934, 0040A958, 11, NT   , true
 590, 0040E938, 0040E940, 01, Taken, true
 591, 00000000, 00000000, 00, Taken, false
 592, 0040A940, 004051EC, 00, Taken, true
 593, 00411944, 00411958, 00, Taken, true
 594, 0040E948, 004026DC, 00, Taken, true
 595, 0040394C, 0040396C, 01, Taken, true
 596, 0040A950, 0040A93C, 01, Taken, true
 597, 00000000, 00000000, 00, Taken, false
 598, 00000000, 00000000, 00, Taken, false
 599, 0040995C, 00408ADC, 01, Taken, true
 600, 00000000, 00000000, 00, Taken, false
 601, 00411964, 004119A8, 00, Taken, true
 602, 00409968, 00408ADC, 01, Taken, true
 603, 00000000, 00000000, 00, Taken, false
 604, 0040A970, 00403B44, 00, Taken, true
 605, 00000000, 00000000, 00, Taken, false
 606, 00405978, 0040598C, 01, Taken, true
 607, 00000000, 00000000, 00, Taken, false
 608, 0040B980, 00402EDC, 00, Taken, true
 609, 00000000, 00000000, 00, Taken, false
 610, 00405988, 0040584C, 00, Taken, true
 611, 0040998C, 00408B30, 01, Taken, true
 612, 00407990, 004079BC, 00, Taken, true
 613, 00000000, 00000000, 00, Taken, false
 614, 00000000, 00000000, 00, Taken, false
 615, 0040B99C, 00404EFC, 00, Taken, true
 616, 004079A0, 004079BC, 00, Taken, true
 617, 00000000, 00000000, 00, Taken, false
 618, 004059A8, 0040596C, 00, Taken, true
 619, 00000000, 00000000, 00, Taken, false
 620, 004039B0, 004039BC, 11, NT   , true
 621, 0040F9B4, 0040F9D0, 00, Taken, true
 622, 004039B8, 004039D4, 00, Taken, true
 623, 004119BC, 004119F4, 00, Taken, true
 624, 00000000, 00000000, 00, Taken, false
 625, 00000000, 00000000, 00, Taken, false
 626, 0040B9C8, 0040B9EC, 00, Taken, true
 627, 00000000, 00000000, 00, Taken, false
 628, 00000000, 00000000, 00, Taken, false
 629, 00000000, 00000000, 00, Taken, false
 630, 004079D8, 0040B9A0, 00, Taken, true
 631, 004039DC, 004039FC, 00, Taken, true
 632, 00000000, 00000000, 00, Taken, false
 633, 00000000, 00000000, 00, Taken, false
 634, 00000000, 00000000, 00, Taken, false
 635, 00000000, 00000000, 00, Taken, false
 636, 004099F0, 00408B30, 01, Taken, true
 637, 00000000, 00000000, 00, Taken, false
 638, 00000000, 00000000, 00, Taken, false
 639, 00000000, 00000000, 00, Taken, false
 640, 00408A00, 00408618, 00, Taken, true
 641, 0040BA04, 0040BAB8, 00, Taken, true
 642, 00409A08, 00408B30, 01, Taken, true
 643, 00000000, 00000000, 00, Taken, false
 644, 00000000, 00000000, 00, Taken, false
 645, 00411A14, 00411A24, 01, Taken, true
 646, 0040BA18, 0040B9A0, 00, Taken, true
 647, 00000000, 00000000, 00, Taken, false
 648, 00411A20, 00411A60, 01, Taken, true
 649, 0040FA24, 0040B360, 00, Taken, true
 650, 0040BA28, 0040BA5C, 11, NT   , true
 651, 00000000, 00000000, 00, Taken, false
 652, 00000000, 00000000, 00, Taken, false
 653, 00000000, 00000000, 00, Taken, false
 654, 00403A38, 00403A4C, 00, Taken, true
 655, 00411A3C, 00411A60, 01, Taken, true
 656, 00403A40, 00403C08, 00, Taken, true
 657, 00000000, 00000000, 00, Taken, false
 658, 00403A48, 00403A70, 00, Taken, true
 659, 00000000, 00000000, 00, Taken, false
 660, 00403A50, 00403A70, 11, NT   , true
 661, 00000000, 00000000, 00, Taken, false
 662, 00000000, 00000000, 00, Taken, false
 663, 00408A5C, 0040C0E0, 00, Taken, true
 664, 00403A60, 00403A70, 11, NT   , true
 665, 00000000, 00000000, 00, Taken, false
 666, 00403A68, 0040C1EC, 00, Taken, true
 667, 00411A6C, 0040F2D4, 00, Taken, true
 668, 0040BA70, 0040BA88, 00, Taken, true
 669, 00407A74, 00407B54, 00, Taken, true
 670, 0040EA78, 0040EA88, 01, Taken, true
 671, 00407A7C, 00407D34, 00, Taken, true
 672, 00000000, 00000000, 00, Taken, false
 673, 00407A84, 00407D34, 00, Taken, true
 674, 00000000, 00000000, 00, Taken, false
 675, 00403A8C, 00403C48, 00, Taken, true
 676, 0040BA90, 00405FFC, 00, Taken, true
 677, 0040FA94, 0040FAE0, 01, Taken, true
 678, 00000000, 00000000, 00, Taken, false
 679, 00411A9C, 00411AB0, 01, Taken, true
 680, 00000000, 00000000, 00, Taken, false
 681, 00408AA4, 00402F3C, 00, Taken, true
 682, 0040BAA8, 00404518, 00, Taken, true
 683, 00000000, 00000000, 00, Taken, false
 684, 0040EAB0, 0040EB4C, 00, Taken, true
 685, 0040BAB4, 0040B9A0, 00, Taken, true
 686, 0040EAB8, 00411680, 01, Taken, true
 687, 00000000, 00000000, 00, Taken, false
 688, 0040BAC0, 004039A0, 00, Taken, true
 689, 0040AAC4, 0040B064, 00, Taken, true
 690, 00000000, 00000000, 00, Taken, false
 691, 00000000, 00000000, 00, Taken, false
 692, 00000000, 00000000, 00, Taken, false
 693, 0040BAD4, 004015EC, 00, Taken, true
 694, 00408AD8, 0040990C, 00, Taken, true
 695, 00000000, 00000000, 11, NT   , false
 696, 00000000, 00000000, 11, NT   , false
 697, 00411AE4, 00411AD4, 01, Taken, true
 698, 00000000, 00000000, 00, NT   , false
 699, 0040FAEC, 0040FB0C, 01, Taken, true
 700, 00000000, 00000000, 00, Taken, false
 701, 0040AAF4, 0040A23C, 00, Taken, true
 702, 00000000, 00000000, 00, NT   , false
 703, 0040AAFC, 0040AB9C, 00, Taken, true
 704, 00403B00, 00403B1C, 00, Taken, true
 705, 0040EB04, 00411650, 01, Taken, true
 706, 00408B08, 00402CC0, 00, Taken, true
 707, 00000000, 00000000, 00, NT   , false
 708, 00000000, 00000000, 01, Taken, false
 709, 0040FB14, 0040FB50, 01, Taken, true
 710, 0040AB18, 0040AB78, 00, Taken, true
 711, 00000000, 00000000, 01, NT   , false
 712, 00000000, 00000000, 00, NT   , false
 713, 00000000, 00000000, 01, NT   , false
 714, 00000000, 00000000, 01, Taken, false
 715, 00408B2C, 0040997C, 00, Taken, true
 716, 00000000, 00000000, 00, NT   , false
 717, 00000000, 00000000, 11, NT   , false
 718, 00411B38, 00411B4C, 00, Taken, true
 719, 00000000, 00000000, 00, Taken, false
 720, 00403B40, 0040A820, 00, Taken, true
 721, 00408B44, 0040C0E0, 00, Taken, true
 722, 00403B48, 00403BF8, 00, Taken, true
 723, 00000000, 00000000, 00, Taken, false
 724, 00408B50, 004094CC, 00, Taken, true
 725, 00000000, 00000000, 00, Taken, false
 726, 0040EB58, 0040EB70, 11, NT   , true
 727, 0040FB5C, 0040FBA8, 01, Taken, true
 728, 00408B60, 00402EDC, 00, Taken, true
 729, 00000000, 00000000, 00, Taken, false
 730, 00000000, 00000000, 00, Taken, false
 731, 00407B6C, 00407A78, 00, Taken, true
 732, 00000000, 00000000, 00, Taken, false
 733, 00407B74, 00407BB4, 00, Taken, true
 734, 00000000, 00000000, 00, Taken, false
 735, 0040AB7C, 00402D00, 00, Taken, true
 736, 0040CB80, 0040EA40, 01, Taken, true
 737, 0040AB84, 0040AB90, 00, Taken, true
 738, 0040EB88, 0040EBB0, 11, NT   , true
 739, 0040AB8C, 0040AB94, 00, Taken, true
 740, 0040CB90, 004055EC, 01, Taken, true
 741, 0040EB94, 0040EBA4, 00, Taken, true
 742, 0040AB98, 0040ABB0, 00, Taken, true
 743, 00000000, 00000000, 00, Taken, false
 744, 00000000, 00000000, 00, Taken, false
 745, 00000000, 00000000, 11, NT   , false
 746, 0040ABA8, 0040AB0C, 00, Taken, true
 747, 0040EBAC, 0040EB8C, 11, NT   , true
 748, 00000000, 00000000, 00, NT   , false
 749, 0040ABB4, 0040B064, 00, Taken, true
 750, 00000000, 00000000, 00, NT   , false
 751, 0040ABBC, 0040AAF0, 11, NT   , true
 752, 0040FBC0, 0040FBF8, 01, Taken, true
 753, 0040ABC4, 004051EC, 00, Taken, true
 754, 00000000, 00000000, 00, NT   , false
 755, 00407BCC, 00407A80, 00, Taken, true
 756, 00000000, 00000000, 00, Taken, false
 757, 0040FBD4, 0040FBE4, 01, Taken, true
 758, 0040EBD8, 0040EC24, 00, Taken, true
 759, 00000000, 00000000, 00, NT   , false
 760, 00000000, 00000000, 00, NT   , false
 761, 00000000, 00000000, 00, NT   , false
 762, 0040FBE8, 00411EA0, 01, Taken, true
 763, 00000000, 00000000, 00, NT   , false
 764, 0040EBF0, 0040EBFC, 00, Taken, true
 765, 00000000, 00000000, 01, Taken, false
 766, 00000000, 00000000, 00, NT   , false
 767, 0040FBFC, 00411F50, 01, Taken, true
 768, 00000000, 00000000, 01, NT   , false
 769, 00403C04, 0040B480, 00, Taken, true
 770, 0040AC08, 0040A87C, 00, Taken, true
 771, 00000000, 00000000, 01, Taken, false
 772, 00000000, 00000000, 00, NT   , false
 773, 00000000, 00000000, 00, NT   , false
 774, 0040CC18, 0040CC38, 11, NT   , true
 775, 00000000, 00000000, 00, NT   , false
 776, 00403C20, 00404518, 00, Taken, true
 777, 00000000, 00000000, 00, NT   , false
 778, 00000000, 00000000, 00, NT   , false
 779, 00405C2C, 00405FE0, 00, Taken, true
 780, 00000000, 00000000, 00, NT   , false
 781, 0040CC34, 0040CC44, 00, Taken, true
 782, 00408C38, 0040C304, 00, Taken, true
 783, 00405C3C, 00403CDC, 00, Taken, true
 784, 00000000, 00000000, 00, NT   , false
 785, 00408C44, 0040C304, 01, Taken, true
 786, 00000000, 00000000, 00, NT   , false
 787, 00403C4C, 00403C5C, 00, Taken, true
 788, 0040CC50, 0040536C, 00, Taken, true
 789, 00000000, 00000000, 00, NT   , false
 790, 00000000, 00000000, 00, NT   , false
 791, 00405C5C, 00403CDC, 00, Taken, true
 792, 0040EC60, 0040EC68, 00, Taken, true
 793, 00408C64, 00408C80, 00, Taken, true
 794, 00000000, 00000000, 00, NT   , false
 795, 00405C6C, 00405FE0, 00, Taken, true
 796, 0040EC70, 0040EC80, 00, Taken, true
 797, 0040FC74, 0040FC88, 01, Taken, true
 798, 00403C78, 00403CA0, 00, Taken, true
 799, 00405C7C, 00403CDC, 00, Taken, true
 800, 00000000, 00000000, 10, NT   , false
 801, 00408C84, 00408DC4, 00, Taken, true
 802, 0040EC88, 0040EC98, 00, Taken, true
 803, 0040CC8C, 0040CC98, 00, Taken, true
 804, 00000000, 00000000, 00, NT   , false
 805, 00000000, 00000000, 00, NT   , false
 806, 00403C98, 00403CE8, 01, Taken, true
 807, 00000000, 00000000, 00, Taken, false
 808, 0040ECA0, 00411650, 00, Taken, true
 809, 0040CCA4, 0040554C, 00, Taken, true
 810, 0040FCA8, 0040CC40, 01, Taken, true
 811, 0040CCAC, 004039CC, 00, Taken, true
 812, 00403CB0, 00403CC8, 11, NT   , true
 813, 0040CCB4, 00404F14, 01, Taken, true
 814, 00000000, 00000000, 00, Taken, false
 815, 00403CBC, 00403EE4, 00, Taken, true
 816, 00000000, 00000000, 00, Taken, false
 817, 00400CC4, 00400CFC, 00, Taken, true
 818, 00000000, 00000000, 00, Taken, false
 819, 0040BCCC, 0040B9A0, 00, Taken, true
 820, 0040ECD0, 0040ECE8, 11, NT   , true
 821, 00402CD4, 00403104, 00, Taken, true
 822, 00403CD8, 004076F0, 00, Taken, true
 823, 0040FCDC, 0040FD28, 01, Taken, true
 824, 00403CE0, 00403E1C, 00, Taken, true
 825, 0040ECE4, 0040ECD4, 01, Taken, true
 826, 00000000, 00000000, 11, NT   , false
 827, 00000000, 00000000, 11, NT   , false
 828, 00000000, 00000000, 00, NT   , false
 829, 0040ECF4, 0040EBDC, 00, Taken, true
 830, 00000000, 00000000, 01, Taken, false
 831, 00402CFC, 0040C1D0, 00, Taken, true
 832, 00000000, 00000000, 00, NT   , false
 833, 00000000, 00000000, 00, NT   , false
 834, 00000000, 00000000, 00, NT   , false
 835, 00000000, 00000000, 00, NT   , false
 836, 00402D10, 00403104, 00, Taken, true
 837, 00000000, 00000000, 01, Taken, false
 838, 00000000, 00000000, 00, NT   , false
 839, 00400D1C, 00404518, 00, Taken, true
 840, 00000000, 00000000, 00, NT   , false
 841, 00000000, 00000000, 00, NT   , false
 842, 00000000, 00000000, 00, NT   , false
 843, 00402D2C, 00403F6C, 00, Taken, true
 844, 0040FD30, 0040FD4C, 01, Taken, true
 845, 00000000, 00000000, 00, NT   , false
 846, 00000000, 00000000, 00, NT   , false
 847, 00403D3C, 00403D48, 00, Taken, true
 848, 00402D40, 00403104, 00, Taken, true
 849, 00000000, 00000000, 00, NT   , false
 850, 0040BD48, 0040A84C, 00, Taken, true
 851, 00400D4C, 00402CC0, 00, Taken, true
 852, 00000000, 00000000, 00, NT   , false
 853, 0040BD54, 0040BD64, 00, Taken, true
 854, 00407D58, 00402F3C, 00, Taken, true
 855, 00402D5C, 0040C1B4, 00, Taken, true
 856, 00403D60, 00403EE4, 00, Taken, true
 857, 00409D64, 00409D4C, 01, Taken, true
 858, 00000000, 00000000, 00, NT   , false
 859, 00400D6C, 00402CC0, 00, Taken, true
 860, 0040BD70, 00407744, 00, Taken, true
 861, 00403D74, 00404010, 00, Taken, true
 862, 00000000, 00000000, 00, Taken, false
 863, 0040BD7C, 0040BDA4, 01, Taken, true
 864, 00402D80, 00403104, 00, Taken, true
 865, 00000000, 00000000, 10, NT   , false
 866, 00000000, 00000000, 00, NT   , false
 867, 00402D8C, 004031F8, 00, Taken, true
 868, 00000000, 00000000, 01, Taken, false
 869, 00400D94, 00400CC8, 00, Taken, true
 870, 00407D98, 00407790, 00, Taken, true
 871, 0040FD9C, 00411F70, 01, Taken, true
 872, 0040BDA0, 0040BD74, 00, Taken, true
 873, 0040FDA4, 0040FDC8, 01, Taken, true
 874, 00000000, 00000000, 11, NT   , false
 875, 00000000, 00000000, 00, NT   , false
 876, 0040BDB0, 0040BDBC, 00, Taken, true
 877, 00000000, 00000000, 01, NT   , false
 878, 0040BDB8, 0040BEAC, 01, Taken, true
 879, 00402DBC, 00402E3C, 00, Taken, true
 880, 00000000, 00000000, 00, Taken, false
 881, 00000000, 00000000, 00, NT   , false
 882, 00000000, 00000000, 00, Taken, false
 883, 0040FDCC, 00411EA0, 01, Taken, true
 884, 00402DD0, 00403104, 00, Taken, true
 885, 00000000, 00000000, 11, NT   , false
 886, 0040FDD8, 0040FD5C, 01, Taken, true
 887, 00000000, 00000000, 00, NT   , false
 888, 00000000, 00000000, 00, NT   , false
 889, 00408DE4, 0040C270, 00, Taken, true
 890, 00000000, 00000000, 00, NT   , false
 891, 00000000, 00000000, 00, NT   , false
 892, 00402DF0, 00402EB0, 00, Taken, true
 893, 00000000, 00000000, 00, NT   , false
 894, 00000000, 00000000, 10, NT   , false
 895, 00408DFC, 00408E0C, 00, Taken, true
 896, 0040BE00, 0040BEAC, 00, Taken, true
 897, 00000000, 00000000, 00, NT   , false
 898, 00000000, 00000000, 10, NT   , false
 899, 00408E0C, 0040C304, 00, Taken, true
 900, 00000000, 00000000, 10, NT   , false
 901, 00000000, 00000000, 00, NT   , false
 902, 00000000, 00000000, 00, NT   , false
 903, 00403E1C, 00403A44, 00, Taken, true
 904, 00000000, 00000000, 00, NT   , false
 905, 00000000, 00000000, 00, NT   , false
 906, 00000000, 00000000, 00, Taken, false
 907, 00408E2C, 00408E3C, 00, Taken, true
 908, 00000000, 00000000, 00, NT   , false
 909, 0040AE34, 00404518, 01, Taken, true
 910, 00000000, 00000000, 01, NT   , false
 911, 00408E3C, 00408E5C, 00, Taken, true
 912, 0040AE40, 00402D00, 01, Taken, true
 913, 00000000, 00000000, 00, NT   , false
 914, 00000000, 00000000, 10, NT   , false
 915, 00402E4C, 00402E5C, 01, Taken, true
 916, 00000000, 00000000, 00, NT   , false
 917, 00000000, 00000000, 00, NT   , false
 918, 00000000, 00000000, 10, NT   , false
 919, 00408E5C, 00408F98, 00, Taken, true
 920, 00000000, 00000000, 10, NT   , false
 921, 0040AE64, 0040A1C8, 01, Taken, true
 922, 00000000, 00000000, 00, NT   , false
 923, 0040AE6C, 0040AE80, 01, Taken, true
 924, 00000000, 00000000, 00, NT   , false
 925, 00000000, 00000000, 00, NT   , false
 926, 00000000, 00000000, 00, Taken, false
 927, 00407E7C, 00407FB4, 00, Taken, true
 928, 0040FE80, 0040FE9C, 01, Taken, true
 929, 00000000, 00000000, 00, NT   , false
 930, 00000000, 00000000, 01, NT   , false
 931, 00407E8C, 00403CDC, 00, Taken, true
 932, 00000000, 00000000, 00, Taken, false
 933, 00000000, 00000000, 00, NT   , false
 934, 00000000, 00000000, 00, NT   , false
 935, 00000000, 00000000, 00, NT   , false
 936, 00000000, 00000000, 00, Taken, false
 937, 0040AEA4, 0040A4D4, 01, Taken, true
 938, 00000000, 00000000, 00, NT   , false
 939, 00402EAC, 00402DC0, 00, Taken, true
 940, 00404EB0, 0040390C, 01, Taken, true
 941, 00000000, 00000000, 01, Taken, false
 942, 0040BEB8, 0040BEE0, 00, Taken, true
 943, 00000000, 00000000, 00, NT   , false
 944, 00404EC0, 00402C64, 01, Taken, true
 945, 00000000, 00000000, 00, NT   , false
 946, 00411EC8, 00411ED8, 01, Taken, true
 947, 00000000, 00000000, 00, Taken, false
 948, 00000000, 00000000, 00, NT   , false
 949, 00000000, 00000000, 10, NT   , false
 950, 00402ED8, 0040C130, 00, Taken, true
 951, 0040BEDC, 0040BD80, 00, Taken, true
 952, 00411EE0, 00411EE8, 00, Taken, true
 953, 00000000, 00000000, 10, NT   , false
 954, 00000000, 00000000, 00, NT   , false
 955, 0040BEEC, 0040BEF8, 00, Taken, true
 956, 00411EF0, 0040EAA0, 00, Taken, true
 957, 0040BEF4, 0040BF6C, 00, Taken, true
 958, 00404EF8, 0040B960, 00, Taken, true
 959, 00411EFC, 00411F24, 00, Taken, true
 960, 00000000, 00000000, 00, Taken, false
 961, 00000000, 00000000, 11, NT   , false
 962, 00402F08, 0040B3CC, 00, Taken, true
 963, 0040BF0C, 0040BF68, 00, Taken, true
 964, 00404F10, 0040CCB0, 01, Taken, true
 965, 00403F14, 00404518, 00, Taken, true
 966, 00404F18, 0040C0E0, 01, Taken, true
 967, 0040AF1C, 0040F500, 00, Taken, true
 968, 00000000, 00000000, 11, NT   , false
 969, 00000000, 00000000, 00, Taken, false
 970, 0040AF28, 0040AF34, 00, Taken, true
 971, 00000000, 00000000, 00, Taken, false
 972, 00000000, 00000000, 00, Taken, false
 973, 00404F34, 0040C0E0, 01, Taken, true
 974, 0040AF38, 004053B0, 00, Taken, true
 975, 00000000, 00000000, 00, Taken, false
 976, 00000000, 00000000, 00, Taken, false
 977, 00404F44, 0040C0E0, 01, Taken, true
 978, 0040AF48, 0040AFFC, 00, Taken, true
 979, 00402F4C, 00403104, 00, Taken, true
 980, 00000000, 00000000, 00, Taken, false
 981, 00404F54, 0040C0E0, 01, Taken, true
 982, 00403F58, 00403F64, 00, Taken, true
 983, 00411F5C, 00411F68, 01, Taken, true
 984, 00404F60, 0040C0E0, 01, Taken, true
 985, 00000000, 00000000, 00, Taken, false
 986, 00403F68, 00402D00, 00, Taken, true
 987, 00411F6C, 0040FC00, 01, Taken, true
 988, 00403F70, 00403F7C, 01, Taken, true
 989, 00000000, 00000000, 00, Taken, false
 990, 0040BF78, 00407758, 01, Taken, true
 991, 00404F7C, 0040C0E0, 01, Taken, true
 992, 00000000, 00000000, 00, Taken, false
 993, 0040AF84, 0040AF98, 00, Taken, true
 994, 00404F88, 0040C0E0, 01, Taken, true
 995, 0040AF8C, 004051EC, 00, Taken, true
 996, 00000000, 00000000, 10, NT   , false
 997, 00403F94, 004039A0, 00, Taken, true
 998, 00000000, 00000000, 01, NT   , false
 999, 0040BF9C, 0040F4B0, 00, Taken, true
1000, 00404FA0, 0040C0E0, 01, Taken, true
1001, 0040BFA4, 0040BFB0, 00, Taken, true
1002, 00411FA8, 0040FDA0, 01, Taken, true
1003, 0040AFAC, 0040B170, 00, Taken, true
1004, 00403FB0, 00403F38, 11, NT   , true
1005, 0040AFB4, 0040AFC8, 01, Taken, true
1006, 00408FB8, 0040C3A4, 00, Taken, true
1007, 00000000, 00000000, 00, NT   , false
1008, 0040AFC0, 0040AFD8, 00, Taken, true
1009, 0040BFC4, 0040C684, 00, Taken, true
1010, 00407FC8, 0040B9A0, 00, Taken, true
1011, 0040AFCC, 0040BF80, 00, Taken, true
1012, 00000000, 00000000, 01, NT   , false
1013, 00404FD4, 0040C0E0, 01, Taken, true
1014, 00407FD8, 0040BD4C, 00, Taken, true
1015, 00403FDC, 00403CC0, 00, Taken, true
1016, 00000000, 00000000, 11, NT   , false
1017, 00404FE4, 0040C0E0, 01, Taken, true
1018, 00000000, 00000000, 01, Taken, false
1019, 00000000, 00000000, 10, NT   , false
1020, 00404FF0, 0040C0E0, 01, Taken, true
1021, 0040BFF4, 0040C05C, 11, NT   , true
1022, 00405FF8, 0040BA08, 00, Taken, true
1023, 00000000, 00000000, 00, NT   , false
